symbol,date,close,high,low,open,volume,adjClose,adjHigh,adjLow,adjOpen,adjVolume,divCash,splitFactor
TATLY,2018-05-10 00:00:00+00:00,14.4232,14.4232,14.4232,14.4232,0,12.2220718538,12.2220718538,12.2220718538,12.2220718538,0,0.0,1.0
TATLY,2018-05-11 00:00:00+00:00,14.4232,14.4232,14.4232,14.4232,0,12.2220718538,12.2220718538,12.2220718538,12.2220718538,0,0.0,1.0
TATLY,2018-05-14 00:00:00+00:00,14.4232,14.4232,14.4232,14.4232,0,12.2220718538,12.2220718538,12.2220718538,12.2220718538,0,0.0,1.0
TATLY,2018-05-15 00:00:00+00:00,14.4232,14.4232,14.4232,14.4232,0,12.2220718538,12.2220718538,12.2220718538,12.2220718538,0,0.0,1.0
TATLY,2018-05-16 00:00:00+00:00,14.4232,14.4232,14.4232,14.4232,0,12.2220718538,12.2220718538,12.2220718538,12.2220718538,0,0.0,1.0
TATLY,2018-05-17 00:00:00+00:00,14.4232,14.4232,14.4232,14.4232,0,12.2220718538,12.2220718538,12.2220718538,12.2220718538,0,0.0,1.0
TATLY,2018-05-18 00:00:00+00:00,14.4232,14.4232,14.4232,14.4232,0,12.2220718538,12.2220718538,12.2220718538,12.2220718538,0,0.0,1.0
TATLY,2018-05-21 00:00:00+00:00,14.4232,14.4232,14.4232,14.4232,0,12.2220718538,12.2220718538,12.2220718538,12.2220718538,0,0.0,1.0
TATLY,2018-05-22 00:00:00+00:00,14.4232,14.4232,14.4232,14.4232,0,12.2220718538,12.2220718538,12.2220718538,12.2220718538,0,0.0,1.0
TATLY,2018-05-23 00:00:00+00:00,14.4232,14.4232,14.4232,14.4232,0,12.2220718538,12.2220718538,12.2220718538,12.2220718538,0,0.0,1.0
TATLY,2018-05-24 00:00:00+00:00,14.4232,14.4232,14.4232,14.4232,0,12.2220718538,12.2220718538,12.2220718538,12.2220718538,0,0.0,1.0
TATLY,2018-05-25 00:00:00+00:00,14.4232,14.4232,14.4232,14.4232,0,12.2220718538,12.2220718538,12.2220718538,12.2220718538,0,0.0,1.0
TATLY,2018-05-29 00:00:00+00:00,14.4232,14.4232,14.4232,14.4232,0,12.2220718538,12.2220718538,12.2220718538,12.2220718538,0,0.0,1.0
TATLY,2018-05-30 00:00:00+00:00,14.4232,14.4232,14.4232,14.4232,0,12.2220718538,12.2220718538,12.2220718538,12.2220718538,0,0.0,1.0
TATLY,2018-05-31 00:00:00+00:00,14.4232,14.4232,14.4232,14.4232,0,12.2220718538,12.2220718538,12.2220718538,12.2220718538,0,0.0,1.0
TATLY,2018-06-01 00:00:00+00:00,14.4232,14.4232,14.4232,14.4232,0,12.2220718538,12.2220718538,12.2220718538,12.2220718538,0,0.0,1.0
TATLY,2018-06-04 00:00:00+00:00,14.4232,14.4232,14.4232,14.4232,0,12.2220718538,12.2220718538,12.2220718538,12.2220718538,0,0.0,1.0
TATLY,2018-06-05 00:00:00+00:00,14.4232,14.4232,14.4232,14.4232,0,12.2220718538,12.2220718538,12.2220718538,12.2220718538,0,0.0,1.0
TATLY,2018-06-06 00:00:00+00:00,14.4232,14.4232,14.4232,14.4232,0,12.2220718538,12.2220718538,12.2220718538,12.2220718538,0,0.0,1.0
TATLY,2018-06-07 00:00:00+00:00,14.4232,14.4232,14.4232,14.4232,0,12.2220718538,12.2220718538,12.2220718538,12.2220718538,0,0.0,1.0
TATLY,2018-06-08 00:00:00+00:00,14.4232,14.4232,14.4232,14.4232,0,12.2220718538,12.2220718538,12.2220718538,12.2220718538,0,0.0,1.0
TATLY,2018-06-11 00:00:00+00:00,14.4232,14.4232,14.4232,14.4232,0,12.2220718538,12.2220718538,12.2220718538,12.2220718538,0,0.0,1.0
TATLY,2018-06-12 00:00:00+00:00,14.4232,14.4232,14.4232,14.4232,0,12.2220718538,12.2220718538,12.2220718538,12.2220718538,0,0.0,1.0
TATLY,2018-06-13 00:00:00+00:00,14.4232,14.4232,14.4232,14.4232,0,12.2220718538,12.2220718538,12.2220718538,12.2220718538,0,0.0,1.0
TATLY,2018-06-14 00:00:00+00:00,14.4232,14.4232,14.4232,14.4232,0,12.2220718538,12.2220718538,12.2220718538,12.2220718538,0,0.0,1.0
TATLY,2018-06-15 00:00:00+00:00,14.4232,14.4232,14.4232,14.4232,0,12.2220718538,12.2220718538,12.2220718538,12.2220718538,0,0.0,1.0
TATLY,2018-06-18 00:00:00+00:00,14.4232,14.4232,14.4232,14.4232,0,12.2220718538,12.2220718538,12.2220718538,12.2220718538,0,0.0,1.0
TATLY,2018-06-19 00:00:00+00:00,14.4232,14.4232,14.4232,14.4232,0,12.2220718538,12.2220718538,12.2220718538,12.2220718538,0,0.0,1.0
TATLY,2018-06-20 00:00:00+00:00,14.4232,14.4232,14.4232,14.4232,0,12.2220718538,12.2220718538,12.2220718538,12.2220718538,0,0.0,1.0
TATLY,2018-06-21 00:00:00+00:00,14.4232,14.4232,14.4232,14.4232,0,12.2220718538,12.2220718538,12.2220718538,12.2220718538,0,0.0,1.0
TATLY,2018-06-22 00:00:00+00:00,14.4232,14.4232,14.4232,14.4232,0,12.2220718538,12.2220718538,12.2220718538,12.2220718538,0,0.0,1.0
TATLY,2018-06-25 00:00:00+00:00,14.4232,14.4232,14.4232,14.4232,0,12.2220718538,12.2220718538,12.2220718538,12.2220718538,0,0.0,1.0
TATLY,2018-06-26 00:00:00+00:00,14.4232,14.4232,14.4232,14.4232,0,12.2220718538,12.2220718538,12.2220718538,12.2220718538,0,0.0,1.0
TATLY,2018-06-27 00:00:00+00:00,14.4232,14.4232,14.4232,14.4232,0,12.2220718538,12.2220718538,12.2220718538,12.2220718538,0,0.0,1.0
TATLY,2018-06-28 00:00:00+00:00,14.4232,14.4232,14.4232,14.4232,0,12.2220718538,12.2220718538,12.2220718538,12.2220718538,0,0.0,1.0
TATLY,2018-06-29 00:00:00+00:00,14.4232,14.4232,14.4232,14.4232,0,12.2220718538,12.2220718538,12.2220718538,12.2220718538,0,0.0,1.0
TATLY,2018-07-02 00:00:00+00:00,14.4232,14.4232,14.4232,14.4232,0,12.2220718538,12.2220718538,12.2220718538,12.2220718538,0,0.0,1.0
TATLY,2018-07-03 00:00:00+00:00,14.4232,14.4232,14.4232,14.4232,0,12.3301123523,12.3301123523,12.3301123523,12.3301123523,0,0.127498,1.0
TATLY,2019-11-07 00:00:00+00:00,13.8971,13.8971,13.8971,13.8971,11,11.880359724,11.880359724,11.880359724,11.880359724,11,0.0,1.0
TATLY,2020-03-13 00:00:00+00:00,4.35,4.35,4.35,4.35,5411,3.7187301523,3.7187301523,3.7187301523,3.7187301523,5411,0.0,1.0
TATLY,2020-04-08 00:00:00+00:00,4.35,4.35,4.35,4.35,5411,3.7187301523,3.7187301523,3.7187301523,3.7187301523,5411,0.0,1.0
TATLY,2020-07-22 00:00:00+00:00,4.35,4.35,4.35,4.35,0,3.7187301523,3.7187301523,3.7187301523,3.7187301523,0,0.0,1.0
TATLY,2020-07-23 00:00:00+00:00,4.35,4.35,4.35,4.35,5411,3.7187301523,3.7187301523,3.7187301523,3.7187301523,5411,0.0,1.0
TATLY,2020-07-24 00:00:00+00:00,4.35,4.35,4.35,4.35,0,3.7187301523,3.7187301523,3.7187301523,3.7187301523,0,0.0,1.0
TATLY,2020-07-27 00:00:00+00:00,4.35,4.35,4.35,4.35,0,3.7187301523,3.7187301523,3.7187301523,3.7187301523,0,0.0,1.0
TATLY,2020-07-28 00:00:00+00:00,4.35,4.35,4.35,4.35,0,3.7187301523,3.7187301523,3.7187301523,3.7187301523,0,0.0,1.0
TATLY,2020-07-29 00:00:00+00:00,4.35,4.35,4.35,4.35,0,3.7187301523,3.7187301523,3.7187301523,3.7187301523,0,0.0,1.0
TATLY,2020-07-30 00:00:00+00:00,4.35,4.35,4.35,4.35,0,3.7187301523,3.7187301523,3.7187301523,3.7187301523,0,0.0,1.0
TATLY,2020-07-31 00:00:00+00:00,4.35,4.35,4.35,4.35,0,3.7187301523,3.7187301523,3.7187301523,3.7187301523,0,0.0,1.0
TATLY,2020-08-03 00:00:00+00:00,4.35,4.35,4.35,4.35,0,3.7187301523,3.7187301523,3.7187301523,3.7187301523,0,0.0,1.0
TATLY,2020-08-04 00:00:00+00:00,4.35,4.35,4.35,4.35,0,3.8157129249,3.8157129249,3.8157129249,3.8157129249,0,0.113446,1.0
TATLY,2020-08-05 00:00:00+00:00,4.35,4.35,4.35,4.35,0,3.9335509118,3.9335509118,3.9335509118,3.9335509118,0,0.134338,1.0
TATLY,2020-08-06 00:00:00+00:00,4.35,4.35,4.35,4.35,0,3.9335509118,3.9335509118,3.9335509118,3.9335509118,0,0.0,1.0
TATLY,2020-08-07 00:00:00+00:00,4.35,4.35,4.35,4.35,0,3.9335509118,3.9335509118,3.9335509118,3.9335509118,0,0.0,1.0
TATLY,2020-08-10 00:00:00+00:00,4.35,4.35,4.35,4.35,0,3.9335509118,3.9335509118,3.9335509118,3.9335509118,0,0.0,1.0
TATLY,2020-08-11 00:00:00+00:00,4.35,4.35,4.35,4.35,0,3.9335509118,3.9335509118,3.9335509118,3.9335509118,0,0.0,1.0
TATLY,2020-08-12 00:00:00+00:00,4.35,4.35,4.35,4.35,0,3.9335509118,3.9335509118,3.9335509118,3.9335509118,0,0.0,1.0
TATLY,2020-08-13 00:00:00+00:00,4.35,4.35,4.35,4.35,0,3.9335509118,3.9335509118,3.9335509118,3.9335509118,0,0.0,1.0
TATLY,2020-08-14 00:00:00+00:00,4.35,4.35,4.35,4.35,0,3.9335509118,3.9335509118,3.9335509118,3.9335509118,0,0.0,1.0
TATLY,2020-08-17 00:00:00+00:00,4.35,4.35,4.35,4.35,0,3.9335509118,3.9335509118,3.9335509118,3.9335509118,0,0.0,1.0
TATLY,2020-08-18 00:00:00+00:00,4.35,4.35,4.35,4.35,0,3.9335509118,3.9335509118,3.9335509118,3.9335509118,0,0.0,1.0
TATLY,2020-08-19 00:00:00+00:00,4.35,4.35,4.35,4.35,0,3.9335509118,3.9335509118,3.9335509118,3.9335509118,0,0.0,1.0
TATLY,2020-08-20 00:00:00+00:00,4.35,4.35,4.35,4.35,0,3.9335509118,3.9335509118,3.9335509118,3.9335509118,0,0.0,1.0
TATLY,2020-08-21 00:00:00+00:00,4.35,4.35,4.35,4.35,0,3.9335509118,3.9335509118,3.9335509118,3.9335509118,0,0.0,1.0
TATLY,2020-08-24 00:00:00+00:00,4.35,4.35,4.35,4.35,0,3.9335509118,3.9335509118,3.9335509118,3.9335509118,0,0.0,1.0
TATLY,2020-08-25 00:00:00+00:00,4.35,4.35,4.35,4.35,0,3.9335509118,3.9335509118,3.9335509118,3.9335509118,0,0.0,1.0
TATLY,2020-08-26 00:00:00+00:00,4.35,4.35,4.35,4.35,0,3.9335509118,3.9335509118,3.9335509118,3.9335509118,0,0.0,1.0
TATLY,2020-08-27 00:00:00+00:00,4.35,4.35,4.35,4.35,0,3.9335509118,3.9335509118,3.9335509118,3.9335509118,0,0.0,1.0
TATLY,2020-08-28 00:00:00+00:00,4.35,4.35,4.35,4.35,0,3.9335509118,3.9335509118,3.9335509118,3.9335509118,0,0.0,1.0
TATLY,2020-08-31 00:00:00+00:00,4.35,4.35,4.35,4.35,0,3.9335509118,3.9335509118,3.9335509118,3.9335509118,0,0.0,1.0
TATLY,2020-09-01 00:00:00+00:00,4.35,4.35,4.35,4.35,0,3.9335509118,3.9335509118,3.9335509118,3.9335509118,0,0.0,1.0
TATLY,2020-09-02 00:00:00+00:00,4.35,4.35,4.35,4.35,0,3.9335509118,3.9335509118,3.9335509118,3.9335509118,0,0.0,1.0
TATLY,2020-09-03 00:00:00+00:00,4.35,4.35,4.35,4.35,0,3.9335509118,3.9335509118,3.9335509118,3.9335509118,0,0.0,1.0
TATLY,2020-09-04 00:00:00+00:00,4.35,4.35,4.35,4.35,0,3.9335509118,3.9335509118,3.9335509118,3.9335509118,0,0.0,1.0
TATLY,2020-09-08 00:00:00+00:00,4.35,4.35,4.35,4.35,0,3.9335509118,3.9335509118,3.9335509118,3.9335509118,0,0.0,1.0
TATLY,2020-09-09 00:00:00+00:00,4.35,4.35,4.35,4.35,0,3.9335509118,3.9335509118,3.9335509118,3.9335509118,0,0.0,1.0
TATLY,2020-09-10 00:00:00+00:00,4.35,4.35,4.35,4.35,0,3.9335509118,3.9335509118,3.9335509118,3.9335509118,0,0.0,1.0
TATLY,2020-09-11 00:00:00+00:00,4.35,4.35,4.35,4.35,0,3.9335509118,3.9335509118,3.9335509118,3.9335509118,0,0.0,1.0
TATLY,2020-09-14 00:00:00+00:00,4.35,4.35,4.35,4.35,0,3.9335509118,3.9335509118,3.9335509118,3.9335509118,0,0.0,1.0
TATLY,2020-09-15 00:00:00+00:00,4.35,4.35,4.35,4.35,0,3.9335509118,3.9335509118,3.9335509118,3.9335509118,0,0.0,1.0
TATLY,2020-09-16 00:00:00+00:00,4.35,4.35,4.35,4.35,0,3.9335509118,3.9335509118,3.9335509118,3.9335509118,0,0.0,1.0
TATLY,2020-09-17 00:00:00+00:00,4.35,4.35,4.35,4.35,0,3.9335509118,3.9335509118,3.9335509118,3.9335509118,0,0.0,1.0
TATLY,2020-09-18 00:00:00+00:00,4.35,4.35,4.35,4.35,0,3.9335509118,3.9335509118,3.9335509118,3.9335509118,0,0.0,1.0
TATLY,2020-09-21 00:00:00+00:00,4.35,4.35,4.35,4.35,0,3.9335509118,3.9335509118,3.9335509118,3.9335509118,0,0.0,1.0
TATLY,2020-09-22 00:00:00+00:00,4.35,4.35,4.35,4.35,0,3.9335509118,3.9335509118,3.9335509118,3.9335509118,0,0.0,1.0
TATLY,2020-09-23 00:00:00+00:00,4.35,4.35,4.35,4.35,0,3.9335509118,3.9335509118,3.9335509118,3.9335509118,0,0.0,1.0
TATLY,2020-09-24 00:00:00+00:00,4.35,4.35,4.35,4.35,0,3.9335509118,3.9335509118,3.9335509118,3.9335509118,0,0.0,1.0
TATLY,2020-09-25 00:00:00+00:00,4.35,4.35,4.35,4.35,0,3.9335509118,3.9335509118,3.9335509118,3.9335509118,0,0.0,1.0
TATLY,2020-09-28 00:00:00+00:00,4.35,4.35,4.35,4.35,0,3.9335509118,3.9335509118,3.9335509118,3.9335509118,0,0.0,1.0
TATLY,2020-09-29 00:00:00+00:00,4.35,4.35,4.35,4.35,0,3.9335509118,3.9335509118,3.9335509118,3.9335509118,0,0.0,1.0
TATLY,2020-09-30 00:00:00+00:00,4.35,4.35,4.35,4.35,0,3.9335509118,3.9335509118,3.9335509118,3.9335509118,0,0.0,1.0
TATLY,2020-10-01 00:00:00+00:00,4.35,4.35,4.35,4.35,0,3.9335509118,3.9335509118,3.9335509118,3.9335509118,0,0.0,1.0
TATLY,2020-10-02 00:00:00+00:00,4.35,4.35,4.35,4.35,0,3.9335509118,3.9335509118,3.9335509118,3.9335509118,0,0.0,1.0
TATLY,2020-10-05 00:00:00+00:00,4.35,4.35,4.35,4.35,0,3.9335509118,3.9335509118,3.9335509118,3.9335509118,0,0.0,1.0
TATLY,2020-10-06 00:00:00+00:00,4.35,4.35,4.35,4.35,0,3.9335509118,3.9335509118,3.9335509118,3.9335509118,0,0.0,1.0
TATLY,2020-10-07 00:00:00+00:00,4.35,4.35,4.35,4.35,0,3.9335509118,3.9335509118,3.9335509118,3.9335509118,0,0.0,1.0
TATLY,2020-10-08 00:00:00+00:00,4.35,4.35,4.35,4.35,0,3.9335509118,3.9335509118,3.9335509118,3.9335509118,0,0.0,1.0
TATLY,2020-10-09 00:00:00+00:00,4.35,4.35,4.35,4.35,0,3.9335509118,3.9335509118,3.9335509118,3.9335509118,0,0.0,1.0
TATLY,2020-10-12 00:00:00+00:00,4.35,4.35,4.35,4.35,0,3.9335509118,3.9335509118,3.9335509118,3.9335509118,0,0.0,1.0
TATLY,2020-10-13 00:00:00+00:00,4.35,4.35,4.35,4.35,0,3.9335509118,3.9335509118,3.9335509118,3.9335509118,0,0.0,1.0
TATLY,2020-10-14 00:00:00+00:00,4.35,4.35,4.35,4.35,0,3.9335509118,3.9335509118,3.9335509118,3.9335509118,0,0.0,1.0
TATLY,2020-10-15 00:00:00+00:00,4.35,4.35,4.35,4.35,0,3.9335509118,3.9335509118,3.9335509118,3.9335509118,0,0.0,1.0
TATLY,2020-10-16 00:00:00+00:00,4.35,4.35,4.35,4.35,0,3.9335509118,3.9335509118,3.9335509118,3.9335509118,0,0.0,1.0
TATLY,2020-10-19 00:00:00+00:00,4.35,4.35,4.35,4.35,0,3.9335509118,3.9335509118,3.9335509118,3.9335509118,0,0.0,1.0
TATLY,2020-10-20 00:00:00+00:00,4.35,4.35,4.35,4.35,0,3.9335509118,3.9335509118,3.9335509118,3.9335509118,0,0.0,1.0
TATLY,2020-10-21 00:00:00+00:00,4.35,4.35,4.35,4.35,0,3.9335509118,3.9335509118,3.9335509118,3.9335509118,0,0.0,1.0
TATLY,2020-10-22 00:00:00+00:00,4.35,4.35,4.35,4.35,0,3.9335509118,3.9335509118,3.9335509118,3.9335509118,0,0.0,1.0
TATLY,2020-10-23 00:00:00+00:00,4.35,4.35,4.35,4.35,0,3.9335509118,3.9335509118,3.9335509118,3.9335509118,0,0.0,1.0
TATLY,2020-10-26 00:00:00+00:00,4.35,4.35,4.35,4.35,0,3.9335509118,3.9335509118,3.9335509118,3.9335509118,0,0.0,1.0
TATLY,2020-10-27 00:00:00+00:00,4.35,4.35,4.35,4.35,0,3.9335509118,3.9335509118,3.9335509118,3.9335509118,0,0.0,1.0
TATLY,2020-10-28 00:00:00+00:00,4.35,4.35,4.35,4.35,0,3.9335509118,3.9335509118,3.9335509118,3.9335509118,0,0.0,1.0
TATLY,2020-10-29 00:00:00+00:00,4.35,4.35,4.35,4.35,0,3.9335509118,3.9335509118,3.9335509118,3.9335509118,0,0.0,1.0
TATLY,2020-10-30 00:00:00+00:00,4.35,4.35,4.35,4.35,0,3.9335509118,3.9335509118,3.9335509118,3.9335509118,0,0.0,1.0
TATLY,2020-11-02 00:00:00+00:00,4.35,4.35,4.35,4.35,0,3.9335509118,3.9335509118,3.9335509118,3.9335509118,0,0.0,1.0
TATLY,2020-11-03 00:00:00+00:00,4.35,4.35,4.35,4.35,0,3.9335509118,3.9335509118,3.9335509118,3.9335509118,0,0.0,1.0
TATLY,2020-11-04 00:00:00+00:00,4.35,4.35,4.35,4.35,0,3.9335509118,3.9335509118,3.9335509118,3.9335509118,0,0.0,1.0
TATLY,2020-11-05 00:00:00+00:00,4.35,4.35,4.35,4.35,0,3.9335509118,3.9335509118,3.9335509118,3.9335509118,0,0.0,1.0
TATLY,2020-11-06 00:00:00+00:00,4.35,4.35,4.35,4.35,0,3.9335509118,3.9335509118,3.9335509118,3.9335509118,0,0.0,1.0
TATLY,2020-11-09 00:00:00+00:00,4.35,4.35,4.35,4.35,0,3.9335509118,3.9335509118,3.9335509118,3.9335509118,0,0.0,1.0
TATLY,2020-11-10 00:00:00+00:00,4.35,4.35,4.35,4.35,0,3.9335509118,3.9335509118,3.9335509118,3.9335509118,0,0.0,1.0
TATLY,2020-11-11 00:00:00+00:00,4.35,4.35,4.35,4.35,0,3.9335509118,3.9335509118,3.9335509118,3.9335509118,0,0.0,1.0
TATLY,2020-11-12 00:00:00+00:00,4.35,4.35,4.35,4.35,0,3.9335509118,3.9335509118,3.9335509118,3.9335509118,0,0.0,1.0
TATLY,2020-11-13 00:00:00+00:00,4.35,4.35,4.35,4.35,0,3.9335509118,3.9335509118,3.9335509118,3.9335509118,0,0.0,1.0
TATLY,2020-11-16 00:00:00+00:00,4.35,4.35,4.35,4.35,0,3.9335509118,3.9335509118,3.9335509118,3.9335509118,0,0.0,1.0
TATLY,2020-11-17 00:00:00+00:00,4.35,4.35,4.35,4.35,0,3.9335509118,3.9335509118,3.9335509118,3.9335509118,0,0.0,1.0
TATLY,2020-11-18 00:00:00+00:00,4.35,4.35,4.35,4.35,0,3.9335509118,3.9335509118,3.9335509118,3.9335509118,0,0.0,1.0
TATLY,2020-11-19 00:00:00+00:00,4.35,4.35,4.35,4.35,0,3.9335509118,3.9335509118,3.9335509118,3.9335509118,0,0.0,1.0
TATLY,2020-11-20 00:00:00+00:00,4.35,4.35,4.35,4.35,0,3.9335509118,3.9335509118,3.9335509118,3.9335509118,0,0.0,1.0
TATLY,2020-11-23 00:00:00+00:00,4.35,4.35,4.35,4.35,0,3.9335509118,3.9335509118,3.9335509118,3.9335509118,0,0.0,1.0
TATLY,2020-11-24 00:00:00+00:00,4.35,4.35,4.35,4.35,0,3.9335509118,3.9335509118,3.9335509118,3.9335509118,0,0.0,1.0
TATLY,2020-11-25 00:00:00+00:00,4.35,4.35,4.35,4.35,0,3.9335509118,3.9335509118,3.9335509118,3.9335509118,0,0.0,1.0
TATLY,2020-11-27 00:00:00+00:00,4.35,4.35,4.35,4.35,0,3.9335509118,3.9335509118,3.9335509118,3.9335509118,0,0.0,1.0
TATLY,2020-11-30 00:00:00+00:00,4.35,4.35,4.35,4.35,0,3.9335509118,3.9335509118,3.9335509118,3.9335509118,0,0.0,1.0
TATLY,2020-12-01 00:00:00+00:00,4.35,4.35,4.35,4.35,0,3.9335509118,3.9335509118,3.9335509118,3.9335509118,0,0.0,1.0
TATLY,2020-12-02 00:00:00+00:00,8.25,8.25,8.25,8.25,100,7.4601827637,7.4601827637,7.4601827637,7.4601827637,100,0.0,1.0
TATLY,2020-12-03 00:00:00+00:00,8.25,8.25,8.25,8.25,0,7.4601827637,7.4601827637,7.4601827637,7.4601827637,0,0.0,1.0
TATLY,2020-12-04 00:00:00+00:00,8.25,8.25,8.25,8.25,0,7.4601827637,7.4601827637,7.4601827637,7.4601827637,0,0.0,1.0
TATLY,2020-12-07 00:00:00+00:00,8.25,8.25,8.25,8.25,0,7.4601827637,7.4601827637,7.4601827637,7.4601827637,0,0.0,1.0
TATLY,2020-12-08 00:00:00+00:00,8.25,8.25,8.25,8.25,0,7.4601827637,7.4601827637,7.4601827637,7.4601827637,0,0.0,1.0
TATLY,2020-12-09 00:00:00+00:00,8.25,8.25,8.25,8.25,0,7.4601827637,7.4601827637,7.4601827637,7.4601827637,0,0.0,1.0
TATLY,2020-12-10 00:00:00+00:00,8.25,8.25,8.25,8.25,0,7.4601827637,7.4601827637,7.4601827637,7.4601827637,0,0.0,1.0
TATLY,2020-12-11 00:00:00+00:00,8.25,8.25,8.25,8.25,0,7.4601827637,7.4601827637,7.4601827637,7.4601827637,0,0.0,1.0
TATLY,2020-12-14 00:00:00+00:00,8.25,8.25,8.25,8.25,0,7.4601827637,7.4601827637,7.4601827637,7.4601827637,0,0.0,1.0
TATLY,2020-12-15 00:00:00+00:00,8.25,8.25,8.25,8.25,0,7.4601827637,7.4601827637,7.4601827637,7.4601827637,0,0.0,1.0
TATLY,2020-12-16 00:00:00+00:00,8.25,8.25,8.25,8.25,0,7.4601827637,7.4601827637,7.4601827637,7.4601827637,0,0.0,1.0
TATLY,2020-12-17 00:00:00+00:00,8.25,8.25,8.25,8.25,0,7.4601827637,7.4601827637,7.4601827637,7.4601827637,0,0.0,1.0
TATLY,2020-12-18 00:00:00+00:00,8.25,8.25,8.25,8.25,0,7.4601827637,7.4601827637,7.4601827637,7.4601827637,0,0.0,1.0
TATLY,2020-12-21 00:00:00+00:00,8.25,8.25,8.25,8.25,0,7.4601827637,7.4601827637,7.4601827637,7.4601827637,0,0.0,1.0
TATLY,2020-12-22 00:00:00+00:00,8.25,8.25,8.25,8.25,0,7.4601827637,7.4601827637,7.4601827637,7.4601827637,0,0.0,1.0
TATLY,2020-12-23 00:00:00+00:00,8.25,8.25,8.25,8.25,0,7.4601827637,7.4601827637,7.4601827637,7.4601827637,0,0.0,1.0
TATLY,2020-12-24 00:00:00+00:00,8.25,8.25,8.25,8.25,0,7.4601827637,7.4601827637,7.4601827637,7.4601827637,0,0.0,1.0
TATLY,2020-12-28 00:00:00+00:00,8.25,8.25,8.25,8.25,0,7.4601827637,7.4601827637,7.4601827637,7.4601827637,0,0.0,1.0
TATLY,2020-12-29 00:00:00+00:00,8.25,8.25,8.25,8.25,0,7.4601827637,7.4601827637,7.4601827637,7.4601827637,0,0.0,1.0
TATLY,2020-12-30 00:00:00+00:00,8.25,8.25,8.25,8.25,0,7.4601827637,7.4601827637,7.4601827637,7.4601827637,0,0.0,1.0
TATLY,2020-12-31 00:00:00+00:00,8.25,8.25,8.25,8.25,0,7.4601827637,7.4601827637,7.4601827637,7.4601827637,0,0.0,1.0
TATLY,2021-01-04 00:00:00+00:00,8.25,8.25,8.25,8.25,0,7.4601827637,7.4601827637,7.4601827637,7.4601827637,0,0.0,1.0
TATLY,2021-01-05 00:00:00+00:00,8.25,8.25,8.25,8.25,0,7.4601827637,7.4601827637,7.4601827637,7.4601827637,0,0.0,1.0
TATLY,2021-01-06 00:00:00+00:00,8.25,8.25,8.25,8.25,0,7.4601827637,7.4601827637,7.4601827637,7.4601827637,0,0.0,1.0
TATLY,2021-01-07 00:00:00+00:00,8.25,8.25,8.25,8.25,0,7.4601827637,7.4601827637,7.4601827637,7.4601827637,0,0.0,1.0
TATLY,2021-01-08 00:00:00+00:00,8.25,8.25,8.25,8.25,0,7.4601827637,7.4601827637,7.4601827637,7.4601827637,0,0.0,1.0
TATLY,2021-01-11 00:00:00+00:00,8.25,8.25,8.25,8.25,0,7.4601827637,7.4601827637,7.4601827637,7.4601827637,0,0.0,1.0
TATLY,2021-01-12 00:00:00+00:00,8.25,8.25,8.25,8.25,0,7.4601827637,7.4601827637,7.4601827637,7.4601827637,0,0.0,1.0
TATLY,2021-01-13 00:00:00+00:00,8.25,8.25,8.25,8.25,0,7.4601827637,7.4601827637,7.4601827637,7.4601827637,0,0.0,1.0
TATLY,2021-01-14 00:00:00+00:00,8.25,8.25,8.25,8.25,0,7.4601827637,7.4601827637,7.4601827637,7.4601827637,0,0.0,1.0
TATLY,2021-01-15 00:00:00+00:00,8.25,8.25,8.25,8.25,0,7.4601827637,7.4601827637,7.4601827637,7.4601827637,0,0.0,1.0
TATLY,2021-01-19 00:00:00+00:00,8.25,8.25,8.25,8.25,0,7.4601827637,7.4601827637,7.4601827637,7.4601827637,0,0.0,1.0
TATLY,2021-01-20 00:00:00+00:00,8.25,8.25,8.25,8.25,0,7.4601827637,7.4601827637,7.4601827637,7.4601827637,0,0.0,1.0
TATLY,2021-01-21 00:00:00+00:00,9.25,9.25,9.25,9.25,100,8.3644473411,8.3644473411,8.3644473411,8.3644473411,100,0.0,1.0
TATLY,2021-01-22 00:00:00+00:00,9.25,9.25,9.25,9.25,0,8.3644473411,8.3644473411,8.3644473411,8.3644473411,0,0.0,1.0
TATLY,2021-01-25 00:00:00+00:00,9.25,9.25,9.25,9.25,0,8.3644473411,8.3644473411,8.3644473411,8.3644473411,0,0.0,1.0
TATLY,2021-01-26 00:00:00+00:00,9.25,9.25,9.25,9.25,0,8.3644473411,8.3644473411,8.3644473411,8.3644473411,0,0.0,1.0
TATLY,2021-01-27 00:00:00+00:00,9.25,9.25,9.25,9.25,0,8.3644473411,8.3644473411,8.3644473411,8.3644473411,0,0.0,1.0
TATLY,2021-01-28 00:00:00+00:00,9.25,9.25,9.25,9.25,0,8.3644473411,8.3644473411,8.3644473411,8.3644473411,0,0.0,1.0
TATLY,2021-01-29 00:00:00+00:00,9.25,9.25,9.25,9.25,0,8.3644473411,8.3644473411,8.3644473411,8.3644473411,0,0.0,1.0
TATLY,2021-02-01 00:00:00+00:00,9.25,9.25,9.25,9.25,0,8.3644473411,8.3644473411,8.3644473411,8.3644473411,0,0.0,1.0
TATLY,2021-02-02 00:00:00+00:00,9.25,9.25,9.25,9.25,0,8.3644473411,8.3644473411,8.3644473411,8.3644473411,0,0.0,1.0
TATLY,2021-02-03 00:00:00+00:00,9.25,9.25,9.25,9.25,0,8.3644473411,8.3644473411,8.3644473411,8.3644473411,0,0.0,1.0
TATLY,2021-02-04 00:00:00+00:00,9.25,9.25,9.25,9.25,0,8.3644473411,8.3644473411,8.3644473411,8.3644473411,0,0.0,1.0
TATLY,2021-02-05 00:00:00+00:00,9.25,9.25,9.25,9.25,0,8.3644473411,8.3644473411,8.3644473411,8.3644473411,0,0.0,1.0
TATLY,2021-02-08 00:00:00+00:00,9.25,9.25,9.25,9.25,0,8.3644473411,8.3644473411,8.3644473411,8.3644473411,0,0.0,1.0
TATLY,2021-02-09 00:00:00+00:00,9.25,9.25,9.25,9.25,0,8.3644473411,8.3644473411,8.3644473411,8.3644473411,0,0.0,1.0
TATLY,2021-02-10 00:00:00+00:00,9.25,9.25,9.25,9.25,0,8.3644473411,8.3644473411,8.3644473411,8.3644473411,0,0.0,1.0
TATLY,2021-02-11 00:00:00+00:00,9.25,9.25,9.25,9.25,0,8.3644473411,8.3644473411,8.3644473411,8.3644473411,0,0.0,1.0
TATLY,2021-02-12 00:00:00+00:00,9.25,9.25,9.25,9.25,0,8.3644473411,8.3644473411,8.3644473411,8.3644473411,0,0.0,1.0
TATLY,2021-02-16 00:00:00+00:00,9.25,9.25,9.25,9.25,0,8.3644473411,8.3644473411,8.3644473411,8.3644473411,0,0.0,1.0
TATLY,2021-02-17 00:00:00+00:00,9.25,9.25,9.25,9.25,0,8.3644473411,8.3644473411,8.3644473411,8.3644473411,0,0.0,1.0
TATLY,2021-02-18 00:00:00+00:00,9.25,9.25,9.25,9.25,0,8.3644473411,8.3644473411,8.3644473411,8.3644473411,0,0.0,1.0
TATLY,2021-02-19 00:00:00+00:00,9.25,9.25,9.25,9.25,0,8.3644473411,8.3644473411,8.3644473411,8.3644473411,0,0.0,1.0
TATLY,2021-02-22 00:00:00+00:00,9.25,9.25,9.25,9.25,0,8.3644473411,8.3644473411,8.3644473411,8.3644473411,0,0.0,1.0
TATLY,2021-02-23 00:00:00+00:00,9.25,9.25,9.25,9.25,0,8.3644473411,8.3644473411,8.3644473411,8.3644473411,0,0.0,1.0
TATLY,2021-02-24 00:00:00+00:00,9.25,9.25,9.25,9.25,0,8.3644473411,8.3644473411,8.3644473411,8.3644473411,0,0.0,1.0
TATLY,2021-02-25 00:00:00+00:00,9.25,9.25,9.25,9.25,0,8.3644473411,8.3644473411,8.3644473411,8.3644473411,0,0.0,1.0
TATLY,2021-02-26 00:00:00+00:00,9.25,9.25,9.25,9.25,0,8.3644473411,8.3644473411,8.3644473411,8.3644473411,0,0.0,1.0
TATLY,2021-03-01 00:00:00+00:00,9.25,9.25,9.25,9.25,0,8.3644473411,8.3644473411,8.3644473411,8.3644473411,0,0.0,1.0
TATLY,2021-03-02 00:00:00+00:00,9.25,9.25,9.25,9.25,0,8.3644473411,8.3644473411,8.3644473411,8.3644473411,0,0.0,1.0
TATLY,2021-03-03 00:00:00+00:00,9.25,9.25,9.25,9.25,0,8.3644473411,8.3644473411,8.3644473411,8.3644473411,0,0.0,1.0
TATLY,2021-03-04 00:00:00+00:00,9.25,9.25,9.25,9.25,0,8.3644473411,8.3644473411,8.3644473411,8.3644473411,0,0.0,1.0
TATLY,2021-03-05 00:00:00+00:00,9.25,9.25,9.25,9.25,0,8.3644473411,8.3644473411,8.3644473411,8.3644473411,0,0.0,1.0
TATLY,2021-03-08 00:00:00+00:00,9.25,9.25,9.25,9.25,0,8.3644473411,8.3644473411,8.3644473411,8.3644473411,0,0.0,1.0
TATLY,2021-03-09 00:00:00+00:00,9.25,9.25,9.25,9.25,0,8.3644473411,8.3644473411,8.3644473411,8.3644473411,0,0.0,1.0
TATLY,2021-03-10 00:00:00+00:00,9.25,9.25,9.25,9.25,0,8.3644473411,8.3644473411,8.3644473411,8.3644473411,0,0.0,1.0
TATLY,2021-03-11 00:00:00+00:00,9.25,9.25,9.25,9.25,0,8.3644473411,8.3644473411,8.3644473411,8.3644473411,0,0.0,1.0
TATLY,2021-03-12 00:00:00+00:00,9.25,9.25,9.25,9.25,0,8.3644473411,8.3644473411,8.3644473411,8.3644473411,0,0.0,1.0
TATLY,2021-03-15 00:00:00+00:00,9.25,9.25,9.25,9.25,0,8.3644473411,8.3644473411,8.3644473411,8.3644473411,0,0.0,1.0
TATLY,2021-03-16 00:00:00+00:00,9.25,9.25,9.25,9.25,0,8.3644473411,8.3644473411,8.3644473411,8.3644473411,0,0.0,1.0
TATLY,2021-03-17 00:00:00+00:00,9.25,9.25,9.25,9.25,0,8.3644473411,8.3644473411,8.3644473411,8.3644473411,0,0.0,1.0
TATLY,2021-03-18 00:00:00+00:00,9.25,9.25,9.25,9.25,0,8.3644473411,8.3644473411,8.3644473411,8.3644473411,0,0.0,1.0
TATLY,2021-03-19 00:00:00+00:00,9.25,9.25,9.25,9.25,0,8.3644473411,8.3644473411,8.3644473411,8.3644473411,0,0.0,1.0
TATLY,2021-03-22 00:00:00+00:00,9.25,9.25,9.25,9.25,0,8.3644473411,8.3644473411,8.3644473411,8.3644473411,0,0.0,1.0
TATLY,2021-03-23 00:00:00+00:00,9.25,9.25,9.25,9.25,0,8.3644473411,8.3644473411,8.3644473411,8.3644473411,0,0.0,1.0
TATLY,2021-03-24 00:00:00+00:00,9.25,9.25,9.25,9.25,0,8.3644473411,8.3644473411,8.3644473411,8.3644473411,0,0.0,1.0
TATLY,2021-03-25 00:00:00+00:00,9.25,9.25,9.25,9.25,0,8.3644473411,8.3644473411,8.3644473411,8.3644473411,0,0.0,1.0
TATLY,2021-03-26 00:00:00+00:00,9.25,9.25,9.25,9.25,0,8.3644473411,8.3644473411,8.3644473411,8.3644473411,0,0.0,1.0
TATLY,2021-03-29 00:00:00+00:00,9.25,9.25,9.25,9.25,0,8.3644473411,8.3644473411,8.3644473411,8.3644473411,0,0.0,1.0
TATLY,2021-03-30 00:00:00+00:00,9.25,9.25,9.25,9.25,0,8.3644473411,8.3644473411,8.3644473411,8.3644473411,0,0.0,1.0
TATLY,2021-03-31 00:00:00+00:00,9.25,9.25,9.25,9.25,0,8.3644473411,8.3644473411,8.3644473411,8.3644473411,0,0.0,1.0
TATLY,2021-04-01 00:00:00+00:00,9.25,9.25,9.25,9.25,0,8.3644473411,8.3644473411,8.3644473411,8.3644473411,0,0.0,1.0
TATLY,2021-04-05 00:00:00+00:00,9.25,9.25,9.25,9.25,0,8.3644473411,8.3644473411,8.3644473411,8.3644473411,0,0.0,1.0
TATLY,2021-04-06 00:00:00+00:00,9.25,9.25,9.25,9.25,0,8.3644473411,8.3644473411,8.3644473411,8.3644473411,0,0.0,1.0
TATLY,2021-04-07 00:00:00+00:00,9.25,9.25,9.25,9.25,0,8.3644473411,8.3644473411,8.3644473411,8.3644473411,0,0.0,1.0
TATLY,2021-04-08 00:00:00+00:00,9.25,9.25,9.25,9.25,0,8.3644473411,8.3644473411,8.3644473411,8.3644473411,0,0.0,1.0
TATLY,2021-04-09 00:00:00+00:00,9.25,9.25,9.25,9.25,0,8.3644473411,8.3644473411,8.3644473411,8.3644473411,0,0.0,1.0
TATLY,2021-04-12 00:00:00+00:00,9.25,9.25,9.25,9.25,0,8.3644473411,8.3644473411,8.3644473411,8.3644473411,0,0.0,1.0
TATLY,2021-04-13 00:00:00+00:00,9.25,9.25,9.25,9.25,0,8.3644473411,8.3644473411,8.3644473411,8.3644473411,0,0.0,1.0
TATLY,2021-04-14 00:00:00+00:00,9.25,9.25,9.25,9.25,0,8.3644473411,8.3644473411,8.3644473411,8.3644473411,0,0.0,1.0
TATLY,2021-04-15 00:00:00+00:00,9.25,9.25,9.25,9.25,0,8.3644473411,8.3644473411,8.3644473411,8.3644473411,0,0.0,1.0
TATLY,2021-04-16 00:00:00+00:00,9.25,9.25,9.25,9.25,0,8.3644473411,8.3644473411,8.3644473411,8.3644473411,0,0.0,1.0
TATLY,2021-04-19 00:00:00+00:00,9.25,9.25,9.25,9.25,0,8.3644473411,8.3644473411,8.3644473411,8.3644473411,0,0.0,1.0
TATLY,2021-04-20 00:00:00+00:00,9.25,9.25,9.25,9.25,0,8.3644473411,8.3644473411,8.3644473411,8.3644473411,0,0.0,1.0
TATLY,2021-04-21 00:00:00+00:00,9.25,9.25,9.25,9.25,0,8.3644473411,8.3644473411,8.3644473411,8.3644473411,0,0.0,1.0
TATLY,2021-04-22 00:00:00+00:00,9.25,9.25,9.25,9.25,0,8.3644473411,8.3644473411,8.3644473411,8.3644473411,0,0.0,1.0
TATLY,2021-04-23 00:00:00+00:00,9.25,9.25,9.25,9.25,0,8.3644473411,8.3644473411,8.3644473411,8.3644473411,0,0.0,1.0
TATLY,2021-04-26 00:00:00+00:00,9.25,9.25,9.25,9.25,0,8.3644473411,8.3644473411,8.3644473411,8.3644473411,0,0.0,1.0
TATLY,2021-04-27 00:00:00+00:00,9.25,9.25,9.25,9.25,0,8.3644473411,8.3644473411,8.3644473411,8.3644473411,0,0.0,1.0
TATLY,2021-04-28 00:00:00+00:00,9.25,9.25,9.25,9.25,0,8.3644473411,8.3644473411,8.3644473411,8.3644473411,0,0.0,1.0
TATLY,2021-04-29 00:00:00+00:00,9.25,9.25,9.25,9.25,0,8.3644473411,8.3644473411,8.3644473411,8.3644473411,0,0.0,1.0
TATLY,2021-04-30 00:00:00+00:00,9.25,9.25,9.25,9.25,0,8.3644473411,8.3644473411,8.3644473411,8.3644473411,0,0.0,1.0
TATLY,2021-05-03 00:00:00+00:00,9.25,9.25,9.25,9.25,0,8.3644473411,8.3644473411,8.3644473411,8.3644473411,0,0.0,1.0
TATLY,2021-05-04 00:00:00+00:00,9.25,9.25,9.25,9.25,0,8.3644473411,8.3644473411,8.3644473411,8.3644473411,0,0.0,1.0
TATLY,2021-05-05 00:00:00+00:00,9.25,9.25,9.25,9.25,0,8.3644473411,8.3644473411,8.3644473411,8.3644473411,0,0.0,1.0
TATLY,2021-05-06 00:00:00+00:00,9.25,9.25,9.25,9.25,0,8.3644473411,8.3644473411,8.3644473411,8.3644473411,0,0.0,1.0
TATLY,2021-05-07 00:00:00+00:00,9.25,9.25,9.25,9.25,0,8.3644473411,8.3644473411,8.3644473411,8.3644473411,0,0.0,1.0
TATLY,2021-05-10 00:00:00+00:00,9.25,9.25,9.25,9.25,0,8.3644473411,8.3644473411,8.3644473411,8.3644473411,0,0.0,1.0
TATLY,2021-05-11 00:00:00+00:00,9.25,9.25,9.25,9.25,0,8.3644473411,8.3644473411,8.3644473411,8.3644473411,0,0.0,1.0
TATLY,2021-05-12 00:00:00+00:00,9.25,9.25,9.25,9.25,0,8.3644473411,8.3644473411,8.3644473411,8.3644473411,0,0.0,1.0
TATLY,2021-05-13 00:00:00+00:00,9.25,9.25,9.25,9.25,0,8.3644473411,8.3644473411,8.3644473411,8.3644473411,0,0.0,1.0
TATLY,2021-05-14 00:00:00+00:00,9.25,9.25,9.25,9.25,0,8.3644473411,8.3644473411,8.3644473411,8.3644473411,0,0.0,1.0
TATLY,2021-05-17 00:00:00+00:00,9.25,9.25,9.25,9.25,0,8.3644473411,8.3644473411,8.3644473411,8.3644473411,0,0.0,1.0
TATLY,2021-05-18 00:00:00+00:00,9.25,9.25,9.25,9.25,0,8.3644473411,8.3644473411,8.3644473411,8.3644473411,0,0.0,1.0
TATLY,2021-05-19 00:00:00+00:00,9.25,9.25,9.25,9.25,0,8.3644473411,8.3644473411,8.3644473411,8.3644473411,0,0.0,1.0
TATLY,2021-05-20 00:00:00+00:00,9.25,9.25,9.25,9.25,0,8.3644473411,8.3644473411,8.3644473411,8.3644473411,0,0.0,1.0
TATLY,2021-05-21 00:00:00+00:00,9.25,9.25,9.25,9.25,0,8.3644473411,8.3644473411,8.3644473411,8.3644473411,0,0.0,1.0
TATLY,2021-05-24 00:00:00+00:00,9.25,9.25,9.25,9.25,0,8.3644473411,8.3644473411,8.3644473411,8.3644473411,0,0.0,1.0
TATLY,2021-05-25 00:00:00+00:00,9.25,9.25,9.25,9.25,0,8.3644473411,8.3644473411,8.3644473411,8.3644473411,0,0.0,1.0
TATLY,2021-05-26 00:00:00+00:00,9.25,9.25,9.25,9.25,0,8.3644473411,8.3644473411,8.3644473411,8.3644473411,0,0.0,1.0
TATLY,2021-05-27 00:00:00+00:00,9.25,9.25,9.25,9.25,0,8.3644473411,8.3644473411,8.3644473411,8.3644473411,0,0.0,1.0
TATLY,2021-05-28 00:00:00+00:00,9.25,9.25,9.25,9.25,0,8.3644473411,8.3644473411,8.3644473411,8.3644473411,0,0.0,1.0
TATLY,2021-06-01 00:00:00+00:00,9.25,9.25,9.25,9.25,0,8.3644473411,8.3644473411,8.3644473411,8.3644473411,0,0.0,1.0
TATLY,2021-06-02 00:00:00+00:00,9.25,9.25,9.25,9.25,0,8.3644473411,8.3644473411,8.3644473411,8.3644473411,0,0.0,1.0
TATLY,2021-06-03 00:00:00+00:00,9.25,9.25,9.25,9.25,0,8.3644473411,8.3644473411,8.3644473411,8.3644473411,0,0.0,1.0
TATLY,2021-06-04 00:00:00+00:00,9.25,9.25,9.25,9.25,0,8.3644473411,8.3644473411,8.3644473411,8.3644473411,0,0.0,1.0
TATLY,2021-06-07 00:00:00+00:00,9.25,9.25,9.25,9.25,0,8.3644473411,8.3644473411,8.3644473411,8.3644473411,0,0.0,1.0
TATLY,2021-06-08 00:00:00+00:00,9.25,9.25,9.25,9.25,0,8.3644473411,8.3644473411,8.3644473411,8.3644473411,0,0.0,1.0
TATLY,2021-06-09 00:00:00+00:00,9.25,9.25,9.25,9.25,0,8.3644473411,8.3644473411,8.3644473411,8.3644473411,0,0.0,1.0
TATLY,2021-06-10 00:00:00+00:00,9.25,9.25,9.25,9.25,0,8.3644473411,8.3644473411,8.3644473411,8.3644473411,0,0.0,1.0
TATLY,2021-06-11 00:00:00+00:00,9.25,9.25,9.25,9.25,0,8.3644473411,8.3644473411,8.3644473411,8.3644473411,0,0.0,1.0
TATLY,2021-06-14 00:00:00+00:00,9.25,9.25,9.25,9.25,0,8.3644473411,8.3644473411,8.3644473411,8.3644473411,0,0.0,1.0
TATLY,2021-06-15 00:00:00+00:00,9.25,9.25,9.25,9.25,0,8.3644473411,8.3644473411,8.3644473411,8.3644473411,0,0.0,1.0
TATLY,2021-06-16 00:00:00+00:00,9.25,9.25,9.25,9.25,0,8.6528399215,8.6528399215,8.6528399215,8.6528399215,0,0.318925,1.0
TATLY,2021-06-17 00:00:00+00:00,9.25,9.25,9.25,9.25,0,8.6528399215,8.6528399215,8.6528399215,8.6528399215,0,0.0,1.0
TATLY,2021-06-18 00:00:00+00:00,9.25,9.25,9.25,9.25,0,8.6528399215,8.6528399215,8.6528399215,8.6528399215,0,0.0,1.0
TATLY,2021-06-21 00:00:00+00:00,9.25,9.25,9.25,9.25,0,8.6528399215,8.6528399215,8.6528399215,8.6528399215,0,0.0,1.0
TATLY,2021-06-22 00:00:00+00:00,9.25,9.25,9.25,9.25,0,8.6528399215,8.6528399215,8.6528399215,8.6528399215,0,0.0,1.0
TATLY,2021-06-23 00:00:00+00:00,9.25,9.25,9.25,9.25,0,8.6528399215,8.6528399215,8.6528399215,8.6528399215,0,0.0,1.0
TATLY,2021-06-24 00:00:00+00:00,9.25,9.25,9.25,9.25,0,8.6528399215,8.6528399215,8.6528399215,8.6528399215,0,0.0,1.0
TATLY,2021-06-25 00:00:00+00:00,9.25,9.25,9.25,9.25,0,8.6528399215,8.6528399215,8.6528399215,8.6528399215,0,0.0,1.0
TATLY,2021-06-28 00:00:00+00:00,9.25,9.25,9.25,9.25,0,8.6528399215,8.6528399215,8.6528399215,8.6528399215,0,0.0,1.0
TATLY,2021-06-29 00:00:00+00:00,9.25,9.25,9.25,9.25,0,8.6528399215,8.6528399215,8.6528399215,8.6528399215,0,0.0,1.0
TATLY,2021-06-30 00:00:00+00:00,9.25,9.25,9.25,9.25,0,8.6528399215,8.6528399215,8.6528399215,8.6528399215,0,0.0,1.0
TATLY,2021-07-01 00:00:00+00:00,9.25,9.25,9.25,9.25,0,8.6528399215,8.6528399215,8.6528399215,8.6528399215,0,0.0,1.0
TATLY,2021-07-02 00:00:00+00:00,9.25,9.25,9.25,9.25,0,8.6528399215,8.6528399215,8.6528399215,8.6528399215,0,0.0,1.0
TATLY,2021-07-06 00:00:00+00:00,9.25,9.25,9.25,9.25,0,8.6528399215,8.6528399215,8.6528399215,8.6528399215,0,0.0,1.0
TATLY,2021-07-07 00:00:00+00:00,9.25,9.25,9.25,9.25,0,8.6528399215,8.6528399215,8.6528399215,8.6528399215,0,0.0,1.0
TATLY,2021-07-08 00:00:00+00:00,9.25,9.25,9.25,9.25,0,8.6528399215,8.6528399215,8.6528399215,8.6528399215,0,0.0,1.0
TATLY,2021-07-09 00:00:00+00:00,9.25,9.25,9.25,9.25,0,8.6528399215,8.6528399215,8.6528399215,8.6528399215,0,0.0,1.0
TATLY,2021-07-12 00:00:00+00:00,9.25,9.25,9.25,9.25,0,8.6528399215,8.6528399215,8.6528399215,8.6528399215,0,0.0,1.0
TATLY,2021-07-13 00:00:00+00:00,9.25,9.25,9.25,9.25,0,8.6528399215,8.6528399215,8.6528399215,8.6528399215,0,0.0,1.0
TATLY,2021-07-14 00:00:00+00:00,9.25,9.25,9.25,9.25,0,8.6528399215,8.6528399215,8.6528399215,8.6528399215,0,0.0,1.0
TATLY,2021-07-15 00:00:00+00:00,9.25,9.25,9.25,9.25,0,8.6528399215,8.6528399215,8.6528399215,8.6528399215,0,0.0,1.0
TATLY,2021-07-16 00:00:00+00:00,9.25,9.25,9.25,9.25,0,8.6528399215,8.6528399215,8.6528399215,8.6528399215,0,0.0,1.0
TATLY,2021-07-19 00:00:00+00:00,9.25,9.25,9.25,9.25,0,8.6528399215,8.6528399215,8.6528399215,8.6528399215,0,0.0,1.0
TATLY,2021-07-20 00:00:00+00:00,9.25,9.25,9.25,9.25,0,8.6528399215,8.6528399215,8.6528399215,8.6528399215,0,0.0,1.0
TATLY,2021-07-21 00:00:00+00:00,9.25,9.25,9.25,9.25,0,8.6528399215,8.6528399215,8.6528399215,8.6528399215,0,0.0,1.0
TATLY,2021-07-22 00:00:00+00:00,9.25,9.25,9.25,9.25,0,8.6528399215,8.6528399215,8.6528399215,8.6528399215,0,0.0,1.0
TATLY,2021-07-23 00:00:00+00:00,9.25,9.25,9.25,9.25,0,8.6528399215,8.6528399215,8.6528399215,8.6528399215,0,0.0,1.0
TATLY,2021-07-26 00:00:00+00:00,9.25,9.25,9.25,9.25,0,8.6528399215,8.6528399215,8.6528399215,8.6528399215,0,0.0,1.0
TATLY,2021-07-27 00:00:00+00:00,9.25,9.25,9.25,9.25,0,8.6528399215,8.6528399215,8.6528399215,8.6528399215,0,0.0,1.0
TATLY,2021-07-28 00:00:00+00:00,9.25,9.25,9.25,9.25,0,8.6528399215,8.6528399215,8.6528399215,8.6528399215,0,0.0,1.0
TATLY,2021-07-29 00:00:00+00:00,9.25,9.25,9.25,9.25,0,8.6528399215,8.6528399215,8.6528399215,8.6528399215,0,0.0,1.0
TATLY,2021-07-30 00:00:00+00:00,9.25,9.25,9.25,9.25,0,8.6528399215,8.6528399215,8.6528399215,8.6528399215,0,0.0,1.0
TATLY,2021-08-02 00:00:00+00:00,9.25,9.25,9.25,9.25,0,8.6528399215,8.6528399215,8.6528399215,8.6528399215,0,0.0,1.0
TATLY,2021-08-03 00:00:00+00:00,9.25,9.25,9.25,9.25,0,8.6528399215,8.6528399215,8.6528399215,8.6528399215,0,0.0,1.0
TATLY,2021-08-04 00:00:00+00:00,9.25,9.25,9.25,9.25,0,8.6528399215,8.6528399215,8.6528399215,8.6528399215,0,0.0,1.0
TATLY,2021-08-05 00:00:00+00:00,9.25,9.25,9.25,9.25,0,8.6528399215,8.6528399215,8.6528399215,8.6528399215,0,0.0,1.0
TATLY,2021-08-06 00:00:00+00:00,9.25,9.25,9.25,9.25,0,8.6528399215,8.6528399215,8.6528399215,8.6528399215,0,0.0,1.0
TATLY,2021-08-09 00:00:00+00:00,9.25,9.25,9.25,9.25,0,8.6528399215,8.6528399215,8.6528399215,8.6528399215,0,0.0,1.0
TATLY,2021-08-10 00:00:00+00:00,9.25,9.25,9.25,9.25,0,8.6528399215,8.6528399215,8.6528399215,8.6528399215,0,0.0,1.0
TATLY,2021-08-11 00:00:00+00:00,9.25,9.25,9.25,9.25,0,8.6528399215,8.6528399215,8.6528399215,8.6528399215,0,0.0,1.0
TATLY,2021-08-12 00:00:00+00:00,9.25,9.25,9.25,9.25,0,8.6528399215,8.6528399215,8.6528399215,8.6528399215,0,0.0,1.0
TATLY,2021-08-13 00:00:00+00:00,9.25,9.25,9.25,9.25,0,8.6528399215,8.6528399215,8.6528399215,8.6528399215,0,0.0,1.0
TATLY,2021-08-16 00:00:00+00:00,9.25,9.25,9.25,9.25,0,8.6528399215,8.6528399215,8.6528399215,8.6528399215,0,0.0,1.0
TATLY,2021-08-17 00:00:00+00:00,9.25,9.25,9.25,9.25,0,8.6528399215,8.6528399215,8.6528399215,8.6528399215,0,0.0,1.0
TATLY,2021-08-18 00:00:00+00:00,9.25,9.25,9.25,9.25,0,8.6528399215,8.6528399215,8.6528399215,8.6528399215,0,0.0,1.0
TATLY,2021-08-19 00:00:00+00:00,9.25,9.25,9.25,9.25,0,8.6528399215,8.6528399215,8.6528399215,8.6528399215,0,0.0,1.0
TATLY,2021-08-20 00:00:00+00:00,9.25,9.25,9.25,9.25,0,8.6528399215,8.6528399215,8.6528399215,8.6528399215,0,0.0,1.0
TATLY,2021-08-23 00:00:00+00:00,9.25,9.25,9.25,9.25,0,8.6528399215,8.6528399215,8.6528399215,8.6528399215,0,0.0,1.0
TATLY,2021-08-24 00:00:00+00:00,9.25,9.25,9.25,9.25,0,8.6528399215,8.6528399215,8.6528399215,8.6528399215,0,0.0,1.0
TATLY,2021-08-25 00:00:00+00:00,9.25,9.25,9.25,9.25,0,8.6528399215,8.6528399215,8.6528399215,8.6528399215,0,0.0,1.0
TATLY,2021-08-26 00:00:00+00:00,9.25,9.25,9.25,9.25,0,8.6528399215,8.6528399215,8.6528399215,8.6528399215,0,0.0,1.0
TATLY,2021-08-27 00:00:00+00:00,9.25,9.25,9.25,9.25,0,8.6528399215,8.6528399215,8.6528399215,8.6528399215,0,0.0,1.0
TATLY,2021-08-30 00:00:00+00:00,9.25,9.25,9.25,9.25,0,8.6528399215,8.6528399215,8.6528399215,8.6528399215,0,0.0,1.0
TATLY,2021-08-31 00:00:00+00:00,9.25,9.25,9.25,9.25,0,8.6528399215,8.6528399215,8.6528399215,8.6528399215,0,0.0,1.0
TATLY,2021-09-01 00:00:00+00:00,9.25,9.25,9.25,9.25,0,8.6528399215,8.6528399215,8.6528399215,8.6528399215,0,0.0,1.0
TATLY,2021-09-02 00:00:00+00:00,9.25,9.25,9.25,9.25,0,8.6528399215,8.6528399215,8.6528399215,8.6528399215,0,0.0,1.0
TATLY,2021-09-03 00:00:00+00:00,9.25,9.25,9.25,9.25,0,8.6528399215,8.6528399215,8.6528399215,8.6528399215,0,0.0,1.0
TATLY,2021-09-07 00:00:00+00:00,9.25,9.25,9.25,9.25,0,8.6528399215,8.6528399215,8.6528399215,8.6528399215,0,0.0,1.0
TATLY,2021-09-08 00:00:00+00:00,9.25,9.25,9.25,9.25,0,8.6528399215,8.6528399215,8.6528399215,8.6528399215,0,0.0,1.0
TATLY,2021-09-09 00:00:00+00:00,9.25,9.25,9.25,9.25,0,8.6528399215,8.6528399215,8.6528399215,8.6528399215,0,0.0,1.0
TATLY,2021-09-10 00:00:00+00:00,9.25,9.25,9.25,9.25,0,8.6528399215,8.6528399215,8.6528399215,8.6528399215,0,0.0,1.0
TATLY,2021-09-13 00:00:00+00:00,9.25,9.25,9.25,9.25,0,8.6528399215,8.6528399215,8.6528399215,8.6528399215,0,0.0,1.0
TATLY,2021-09-14 00:00:00+00:00,9.25,9.25,9.25,9.25,0,8.6528399215,8.6528399215,8.6528399215,8.6528399215,0,0.0,1.0
TATLY,2021-09-15 00:00:00+00:00,9.25,9.25,9.25,9.25,0,8.6528399215,8.6528399215,8.6528399215,8.6528399215,0,0.0,1.0
TATLY,2021-09-16 00:00:00+00:00,9.25,9.25,9.25,9.25,0,8.6528399215,8.6528399215,8.6528399215,8.6528399215,0,0.0,1.0
TATLY,2021-09-17 00:00:00+00:00,9.25,9.25,9.25,9.25,0,8.6528399215,8.6528399215,8.6528399215,8.6528399215,0,0.0,1.0
TATLY,2021-09-20 00:00:00+00:00,9.25,9.25,9.25,9.25,0,8.6528399215,8.6528399215,8.6528399215,8.6528399215,0,0.0,1.0
TATLY,2021-09-21 00:00:00+00:00,9.25,9.25,9.25,9.25,0,8.6528399215,8.6528399215,8.6528399215,8.6528399215,0,0.0,1.0
TATLY,2021-09-22 00:00:00+00:00,9.25,9.25,9.25,9.25,0,8.6528399215,8.6528399215,8.6528399215,8.6528399215,0,0.0,1.0
TATLY,2021-09-23 00:00:00+00:00,9.25,9.25,9.25,9.25,0,8.6528399215,8.6528399215,8.6528399215,8.6528399215,0,0.0,1.0
TATLY,2021-09-24 00:00:00+00:00,9.25,9.25,9.25,9.25,0,8.6528399215,8.6528399215,8.6528399215,8.6528399215,0,0.0,1.0
TATLY,2021-09-27 00:00:00+00:00,9.25,9.25,9.25,9.25,0,8.6528399215,8.6528399215,8.6528399215,8.6528399215,0,0.0,1.0
TATLY,2021-09-28 00:00:00+00:00,9.25,9.25,9.25,9.25,0,8.6528399215,8.6528399215,8.6528399215,8.6528399215,0,0.0,1.0
TATLY,2021-09-29 00:00:00+00:00,9.25,9.25,9.25,9.25,0,8.6528399215,8.6528399215,8.6528399215,8.6528399215,0,0.0,1.0
TATLY,2021-09-30 00:00:00+00:00,9.25,9.25,9.25,9.25,0,8.6528399215,8.6528399215,8.6528399215,8.6528399215,0,0.0,1.0
TATLY,2021-10-01 00:00:00+00:00,9.25,9.25,9.25,9.25,0,8.6528399215,8.6528399215,8.6528399215,8.6528399215,0,0.0,1.0
TATLY,2021-10-04 00:00:00+00:00,9.25,9.25,9.25,9.25,0,8.6528399215,8.6528399215,8.6528399215,8.6528399215,0,0.0,1.0
TATLY,2021-10-05 00:00:00+00:00,9.25,9.25,9.25,9.25,0,8.6528399215,8.6528399215,8.6528399215,8.6528399215,0,0.0,1.0
TATLY,2021-10-06 00:00:00+00:00,9.25,9.25,9.25,9.25,0,8.6528399215,8.6528399215,8.6528399215,8.6528399215,0,0.0,1.0
TATLY,2021-10-07 00:00:00+00:00,9.25,9.25,9.25,9.25,0,8.6528399215,8.6528399215,8.6528399215,8.6528399215,0,0.0,1.0
TATLY,2021-10-08 00:00:00+00:00,9.25,9.25,9.25,9.25,0,8.6528399215,8.6528399215,8.6528399215,8.6528399215,0,0.0,1.0
TATLY,2021-10-11 00:00:00+00:00,9.25,9.25,9.25,9.25,0,8.6528399215,8.6528399215,8.6528399215,8.6528399215,0,0.0,1.0
TATLY,2021-10-12 00:00:00+00:00,9.25,9.25,9.25,9.25,0,8.6528399215,8.6528399215,8.6528399215,8.6528399215,0,0.0,1.0
TATLY,2021-10-13 00:00:00+00:00,9.25,9.25,9.25,9.25,0,8.6528399215,8.6528399215,8.6528399215,8.6528399215,0,0.0,1.0
TATLY,2021-10-14 00:00:00+00:00,9.25,9.25,9.25,9.25,0,8.6528399215,8.6528399215,8.6528399215,8.6528399215,0,0.0,1.0
TATLY,2021-10-15 00:00:00+00:00,9.25,9.25,9.25,9.25,0,8.6528399215,8.6528399215,8.6528399215,8.6528399215,0,0.0,1.0
TATLY,2021-10-18 00:00:00+00:00,9.25,9.25,9.25,9.25,0,8.6528399215,8.6528399215,8.6528399215,8.6528399215,0,0.0,1.0
TATLY,2021-10-19 00:00:00+00:00,9.25,9.25,9.25,9.25,0,8.6528399215,8.6528399215,8.6528399215,8.6528399215,0,0.0,1.0
TATLY,2021-10-20 00:00:00+00:00,9.25,9.25,9.25,9.25,0,8.6528399215,8.6528399215,8.6528399215,8.6528399215,0,0.0,1.0
TATLY,2021-10-21 00:00:00+00:00,9.25,9.25,9.25,9.25,0,8.6528399215,8.6528399215,8.6528399215,8.6528399215,0,0.0,1.0
TATLY,2021-10-22 00:00:00+00:00,9.25,9.25,9.25,9.25,0,8.6528399215,8.6528399215,8.6528399215,8.6528399215,0,0.0,1.0
TATLY,2021-10-25 00:00:00+00:00,9.25,9.25,9.25,9.25,0,8.6528399215,8.6528399215,8.6528399215,8.6528399215,0,0.0,1.0
TATLY,2021-10-26 00:00:00+00:00,9.25,9.25,9.25,9.25,0,8.6528399215,8.6528399215,8.6528399215,8.6528399215,0,0.0,1.0
TATLY,2021-10-27 00:00:00+00:00,9.25,9.25,9.25,9.25,0,8.6528399215,8.6528399215,8.6528399215,8.6528399215,0,0.0,1.0
TATLY,2021-10-28 00:00:00+00:00,9.25,9.25,9.25,9.25,0,8.6528399215,8.6528399215,8.6528399215,8.6528399215,0,0.0,1.0
TATLY,2021-10-29 00:00:00+00:00,9.25,9.25,9.25,9.25,0,8.6528399215,8.6528399215,8.6528399215,8.6528399215,0,0.0,1.0
TATLY,2021-11-01 00:00:00+00:00,9.25,9.25,9.25,9.25,0,8.6528399215,8.6528399215,8.6528399215,8.6528399215,0,0.0,1.0
TATLY,2021-11-02 00:00:00+00:00,9.25,9.25,9.25,9.25,0,8.6528399215,8.6528399215,8.6528399215,8.6528399215,0,0.0,1.0
TATLY,2021-11-03 00:00:00+00:00,9.25,9.25,9.25,9.25,0,8.6528399215,8.6528399215,8.6528399215,8.6528399215,0,0.0,1.0
TATLY,2021-11-04 00:00:00+00:00,9.25,9.25,9.25,9.25,0,8.6528399215,8.6528399215,8.6528399215,8.6528399215,0,0.0,1.0
TATLY,2021-11-05 00:00:00+00:00,9.25,9.25,9.25,9.25,0,8.6528399215,8.6528399215,8.6528399215,8.6528399215,0,0.0,1.0
TATLY,2021-11-08 00:00:00+00:00,9.25,9.25,9.25,9.25,0,8.6528399215,8.6528399215,8.6528399215,8.6528399215,0,0.0,1.0
TATLY,2021-11-09 00:00:00+00:00,9.25,9.25,9.25,9.25,0,8.6528399215,8.6528399215,8.6528399215,8.6528399215,0,0.0,1.0
TATLY,2021-11-10 00:00:00+00:00,9.25,9.25,9.25,9.25,0,8.6528399215,8.6528399215,8.6528399215,8.6528399215,0,0.0,1.0
TATLY,2021-11-11 00:00:00+00:00,9.25,9.25,9.25,9.25,0,8.6528399215,8.6528399215,8.6528399215,8.6528399215,0,0.0,1.0
TATLY,2021-11-12 00:00:00+00:00,9.25,9.25,9.25,9.25,0,8.6528399215,8.6528399215,8.6528399215,8.6528399215,0,0.0,1.0
TATLY,2021-11-15 00:00:00+00:00,9.25,9.25,9.25,9.25,0,8.6528399215,8.6528399215,8.6528399215,8.6528399215,0,0.0,1.0
TATLY,2021-11-16 00:00:00+00:00,9.25,9.25,9.25,9.25,0,8.6528399215,8.6528399215,8.6528399215,8.6528399215,0,0.0,1.0
TATLY,2021-11-17 00:00:00+00:00,9.25,9.25,9.25,9.25,0,8.6528399215,8.6528399215,8.6528399215,8.6528399215,0,0.0,1.0
TATLY,2021-11-18 00:00:00+00:00,9.25,9.25,9.25,9.25,0,8.6528399215,8.6528399215,8.6528399215,8.6528399215,0,0.0,1.0
TATLY,2021-11-19 00:00:00+00:00,9.25,9.25,9.25,9.25,0,8.6528399215,8.6528399215,8.6528399215,8.6528399215,0,0.0,1.0
TATLY,2021-11-22 00:00:00+00:00,9.25,9.25,9.25,9.25,0,8.6528399215,8.6528399215,8.6528399215,8.6528399215,0,0.0,1.0
TATLY,2021-11-23 00:00:00+00:00,9.25,9.25,9.25,9.25,0,8.6528399215,8.6528399215,8.6528399215,8.6528399215,0,0.0,1.0
TATLY,2021-11-24 00:00:00+00:00,9.25,9.25,9.25,9.25,0,8.6528399215,8.6528399215,8.6528399215,8.6528399215,0,0.0,1.0
TATLY,2021-11-26 00:00:00+00:00,9.25,9.25,9.25,9.25,0,8.6528399215,8.6528399215,8.6528399215,8.6528399215,0,0.0,1.0
TATLY,2021-11-29 00:00:00+00:00,9.25,9.25,9.25,9.25,0,8.6528399215,8.6528399215,8.6528399215,8.6528399215,0,0.0,1.0
TATLY,2021-11-30 00:00:00+00:00,9.25,9.25,9.25,9.25,0,8.6528399215,8.6528399215,8.6528399215,8.6528399215,0,0.0,1.0
TATLY,2021-12-01 00:00:00+00:00,9.25,9.25,9.25,9.25,0,8.6528399215,8.6528399215,8.6528399215,8.6528399215,0,0.0,1.0
TATLY,2021-12-02 00:00:00+00:00,9.25,9.25,9.25,9.25,0,8.6528399215,8.6528399215,8.6528399215,8.6528399215,0,0.0,1.0
TATLY,2021-12-03 00:00:00+00:00,9.25,9.25,9.25,9.25,0,8.6528399215,8.6528399215,8.6528399215,8.6528399215,0,0.0,1.0
TATLY,2021-12-06 00:00:00+00:00,9.25,9.25,9.25,9.25,0,8.6528399215,8.6528399215,8.6528399215,8.6528399215,0,0.0,1.0
TATLY,2021-12-07 00:00:00+00:00,9.25,9.25,9.25,9.25,0,8.6528399215,8.6528399215,8.6528399215,8.6528399215,0,0.0,1.0
TATLY,2021-12-08 00:00:00+00:00,9.25,9.25,9.25,9.25,0,8.6528399215,8.6528399215,8.6528399215,8.6528399215,0,0.0,1.0
TATLY,2021-12-09 00:00:00+00:00,9.25,9.25,9.25,9.25,0,8.6528399215,8.6528399215,8.6528399215,8.6528399215,0,0.0,1.0
TATLY,2021-12-10 00:00:00+00:00,9.25,9.25,9.25,9.25,0,8.6528399215,8.6528399215,8.6528399215,8.6528399215,0,0.0,1.0
TATLY,2021-12-13 00:00:00+00:00,9.25,9.25,9.25,9.25,0,8.6528399215,8.6528399215,8.6528399215,8.6528399215,0,0.0,1.0
TATLY,2021-12-14 00:00:00+00:00,9.25,9.25,9.25,9.25,0,8.6528399215,8.6528399215,8.6528399215,8.6528399215,0,0.0,1.0
TATLY,2021-12-15 00:00:00+00:00,9.25,9.25,9.25,9.25,0,8.6528399215,8.6528399215,8.6528399215,8.6528399215,0,0.0,1.0
TATLY,2021-12-16 00:00:00+00:00,9.25,9.25,9.25,9.25,0,8.6528399215,8.6528399215,8.6528399215,8.6528399215,0,0.0,1.0
TATLY,2021-12-17 00:00:00+00:00,9.25,9.25,9.25,9.25,0,8.6528399215,8.6528399215,8.6528399215,8.6528399215,0,0.0,1.0
TATLY,2021-12-20 00:00:00+00:00,9.25,9.25,9.25,9.25,0,8.6528399215,8.6528399215,8.6528399215,8.6528399215,0,0.0,1.0
TATLY,2021-12-21 00:00:00+00:00,9.25,9.25,9.25,9.25,0,8.6528399215,8.6528399215,8.6528399215,8.6528399215,0,0.0,1.0
TATLY,2021-12-22 00:00:00+00:00,9.25,9.25,9.25,9.25,0,8.6528399215,8.6528399215,8.6528399215,8.6528399215,0,0.0,1.0
TATLY,2021-12-23 00:00:00+00:00,9.25,9.25,9.25,9.25,0,8.6528399215,8.6528399215,8.6528399215,8.6528399215,0,0.0,1.0
TATLY,2021-12-27 00:00:00+00:00,9.25,9.25,9.25,9.25,0,8.6528399215,8.6528399215,8.6528399215,8.6528399215,0,0.0,1.0
TATLY,2021-12-28 00:00:00+00:00,9.25,9.25,9.25,9.25,0,8.6528399215,8.6528399215,8.6528399215,8.6528399215,0,0.0,1.0
TATLY,2021-12-29 00:00:00+00:00,9.25,9.25,9.25,9.25,0,8.6528399215,8.6528399215,8.6528399215,8.6528399215,0,0.0,1.0
TATLY,2021-12-30 00:00:00+00:00,9.25,9.25,9.25,9.25,0,8.6528399215,8.6528399215,8.6528399215,8.6528399215,0,0.0,1.0
TATLY,2021-12-31 00:00:00+00:00,9.25,9.25,9.25,9.25,0,8.6528399215,8.6528399215,8.6528399215,8.6528399215,0,0.0,1.0
TATLY,2022-01-03 00:00:00+00:00,9.25,9.25,9.25,9.25,0,8.6528399215,8.6528399215,8.6528399215,8.6528399215,0,0.0,1.0
TATLY,2022-01-04 00:00:00+00:00,9.25,9.25,9.25,9.25,0,8.6528399215,8.6528399215,8.6528399215,8.6528399215,0,0.0,1.0
TATLY,2022-01-05 00:00:00+00:00,9.25,9.25,9.25,9.25,0,8.6528399215,8.6528399215,8.6528399215,8.6528399215,0,0.0,1.0
TATLY,2022-01-06 00:00:00+00:00,9.25,9.25,9.25,9.25,0,8.6528399215,8.6528399215,8.6528399215,8.6528399215,0,0.0,1.0
TATLY,2022-01-07 00:00:00+00:00,9.25,9.25,9.25,9.25,0,8.6528399215,8.6528399215,8.6528399215,8.6528399215,0,0.0,1.0
TATLY,2022-01-10 00:00:00+00:00,9.25,9.25,9.25,9.25,0,8.6528399215,8.6528399215,8.6528399215,8.6528399215,0,0.0,1.0
TATLY,2022-01-11 00:00:00+00:00,9.25,9.25,9.25,9.25,0,8.6528399215,8.6528399215,8.6528399215,8.6528399215,0,0.0,1.0
TATLY,2022-01-12 00:00:00+00:00,9.25,9.25,9.25,9.25,0,8.6528399215,8.6528399215,8.6528399215,8.6528399215,0,0.0,1.0
TATLY,2022-01-13 00:00:00+00:00,9.25,9.25,9.25,9.25,0,8.6528399215,8.6528399215,8.6528399215,8.6528399215,0,0.0,1.0
TATLY,2022-01-14 00:00:00+00:00,9.25,9.25,9.25,9.25,0,8.6528399215,8.6528399215,8.6528399215,8.6528399215,0,0.0,1.0
TATLY,2022-01-18 00:00:00+00:00,9.25,9.25,9.25,9.25,0,8.6528399215,8.6528399215,8.6528399215,8.6528399215,0,0.0,1.0
TATLY,2022-01-19 00:00:00+00:00,9.25,9.25,9.25,9.25,0,8.6528399215,8.6528399215,8.6528399215,8.6528399215,0,0.0,1.0
TATLY,2022-01-20 00:00:00+00:00,9.25,9.25,9.25,9.25,0,8.6528399215,8.6528399215,8.6528399215,8.6528399215,0,0.0,1.0
TATLY,2022-01-21 00:00:00+00:00,9.25,9.25,9.25,9.25,0,8.6528399215,8.6528399215,8.6528399215,8.6528399215,0,0.0,1.0
TATLY,2022-01-24 00:00:00+00:00,9.25,9.25,9.25,9.25,0,8.6528399215,8.6528399215,8.6528399215,8.6528399215,0,0.0,1.0
TATLY,2022-01-25 00:00:00+00:00,9.25,9.25,9.25,9.25,0,8.6528399215,8.6528399215,8.6528399215,8.6528399215,0,0.0,1.0
TATLY,2022-01-26 00:00:00+00:00,9.25,9.25,9.25,9.25,0,8.6528399215,8.6528399215,8.6528399215,8.6528399215,0,0.0,1.0
TATLY,2022-01-27 00:00:00+00:00,9.25,9.25,9.25,9.25,0,8.6528399215,8.6528399215,8.6528399215,8.6528399215,0,0.0,1.0
TATLY,2022-01-28 00:00:00+00:00,9.25,9.25,9.25,9.25,0,8.6528399215,8.6528399215,8.6528399215,8.6528399215,0,0.0,1.0
TATLY,2022-01-31 00:00:00+00:00,9.25,9.25,9.25,9.25,0,8.6528399215,8.6528399215,8.6528399215,8.6528399215,0,0.0,1.0
TATLY,2022-02-01 00:00:00+00:00,9.25,9.25,9.25,9.25,0,8.6528399215,8.6528399215,8.6528399215,8.6528399215,0,0.0,1.0
TATLY,2022-02-02 00:00:00+00:00,9.25,9.25,9.25,9.25,0,8.6528399215,8.6528399215,8.6528399215,8.6528399215,0,0.0,1.0
TATLY,2022-02-03 00:00:00+00:00,9.25,9.25,9.25,9.25,0,8.6528399215,8.6528399215,8.6528399215,8.6528399215,0,0.0,1.0
TATLY,2022-02-04 00:00:00+00:00,9.25,9.25,9.25,9.25,0,8.6528399215,8.6528399215,8.6528399215,8.6528399215,0,0.0,1.0
TATLY,2022-02-07 00:00:00+00:00,9.25,9.25,9.25,9.25,0,8.6528399215,8.6528399215,8.6528399215,8.6528399215,0,0.0,1.0
TATLY,2022-02-08 00:00:00+00:00,9.25,9.25,9.25,9.25,0,8.6528399215,8.6528399215,8.6528399215,8.6528399215,0,0.0,1.0
TATLY,2022-02-09 00:00:00+00:00,9.25,9.25,9.25,9.25,0,8.6528399215,8.6528399215,8.6528399215,8.6528399215,0,0.0,1.0
TATLY,2022-02-10 00:00:00+00:00,9.25,9.25,9.25,9.25,0,8.6528399215,8.6528399215,8.6528399215,8.6528399215,0,0.0,1.0
TATLY,2022-02-11 00:00:00+00:00,9.25,9.25,9.25,9.25,0,8.6528399215,8.6528399215,8.6528399215,8.6528399215,0,0.0,1.0
TATLY,2022-02-14 00:00:00+00:00,9.25,9.25,9.25,9.25,0,8.6528399215,8.6528399215,8.6528399215,8.6528399215,0,0.0,1.0
TATLY,2022-02-15 00:00:00+00:00,9.25,9.25,9.25,9.25,0,8.6528399215,8.6528399215,8.6528399215,8.6528399215,0,0.0,1.0
TATLY,2022-02-16 00:00:00+00:00,9.25,9.25,9.25,9.25,0,8.6528399215,8.6528399215,8.6528399215,8.6528399215,0,0.0,1.0
TATLY,2022-02-17 00:00:00+00:00,9.25,9.25,9.25,9.25,0,8.6528399215,8.6528399215,8.6528399215,8.6528399215,0,0.0,1.0
TATLY,2022-02-18 00:00:00+00:00,9.25,9.25,9.25,9.25,0,8.6528399215,8.6528399215,8.6528399215,8.6528399215,0,0.0,1.0
TATLY,2022-02-22 00:00:00+00:00,9.25,9.25,9.25,9.25,0,8.6528399215,8.6528399215,8.6528399215,8.6528399215,0,0.0,1.0
TATLY,2022-02-23 00:00:00+00:00,9.25,9.25,9.25,9.25,0,8.6528399215,8.6528399215,8.6528399215,8.6528399215,0,0.0,1.0
TATLY,2022-02-24 00:00:00+00:00,9.25,9.25,9.25,9.25,0,8.6528399215,8.6528399215,8.6528399215,8.6528399215,0,0.0,1.0
TATLY,2022-02-25 00:00:00+00:00,9.25,9.25,9.25,9.25,0,8.6528399215,8.6528399215,8.6528399215,8.6528399215,0,0.0,1.0
TATLY,2022-02-28 00:00:00+00:00,9.25,9.25,9.25,9.25,0,8.6528399215,8.6528399215,8.6528399215,8.6528399215,0,0.0,1.0
TATLY,2022-03-01 00:00:00+00:00,9.25,9.25,9.25,9.25,0,8.6528399215,8.6528399215,8.6528399215,8.6528399215,0,0.0,1.0
TATLY,2022-03-02 00:00:00+00:00,9.25,9.25,9.25,9.25,0,8.6528399215,8.6528399215,8.6528399215,8.6528399215,0,0.0,1.0
TATLY,2022-03-03 00:00:00+00:00,9.25,9.25,9.25,9.25,0,8.6528399215,8.6528399215,8.6528399215,8.6528399215,0,0.0,1.0
TATLY,2022-03-04 00:00:00+00:00,9.25,9.25,9.25,9.25,0,8.6528399215,8.6528399215,8.6528399215,8.6528399215,0,0.0,1.0
TATLY,2022-03-07 00:00:00+00:00,9.25,9.25,9.25,9.25,0,8.6528399215,8.6528399215,8.6528399215,8.6528399215,0,0.0,1.0
TATLY,2022-03-08 00:00:00+00:00,9.25,9.25,9.25,9.25,0,8.6528399215,8.6528399215,8.6528399215,8.6528399215,0,0.0,1.0
TATLY,2022-03-09 00:00:00+00:00,9.25,9.25,9.25,9.25,0,8.6528399215,8.6528399215,8.6528399215,8.6528399215,0,0.0,1.0
TATLY,2022-03-10 00:00:00+00:00,9.25,9.25,9.25,9.25,0,8.6528399215,8.6528399215,8.6528399215,8.6528399215,0,0.0,1.0
TATLY,2022-03-11 00:00:00+00:00,9.25,9.25,9.25,9.25,0,8.6528399215,8.6528399215,8.6528399215,8.6528399215,0,0.0,1.0
TATLY,2022-03-14 00:00:00+00:00,9.25,9.25,9.25,9.25,0,8.6528399215,8.6528399215,8.6528399215,8.6528399215,0,0.0,1.0
TATLY,2022-03-15 00:00:00+00:00,9.25,9.25,9.25,9.25,0,8.6528399215,8.6528399215,8.6528399215,8.6528399215,0,0.0,1.0
TATLY,2022-03-16 00:00:00+00:00,9.25,9.25,9.25,9.25,0,8.6528399215,8.6528399215,8.6528399215,8.6528399215,0,0.0,1.0
TATLY,2022-03-17 00:00:00+00:00,9.25,9.25,9.25,9.25,0,8.6528399215,8.6528399215,8.6528399215,8.6528399215,0,0.0,1.0
TATLY,2022-03-18 00:00:00+00:00,9.25,9.25,9.25,9.25,0,8.6528399215,8.6528399215,8.6528399215,8.6528399215,0,0.0,1.0
TATLY,2022-03-21 00:00:00+00:00,9.25,9.25,9.25,9.25,0,8.6528399215,8.6528399215,8.6528399215,8.6528399215,0,0.0,1.0
TATLY,2022-03-22 00:00:00+00:00,9.25,9.25,9.25,9.25,0,8.6528399215,8.6528399215,8.6528399215,8.6528399215,0,0.0,1.0
TATLY,2022-03-23 00:00:00+00:00,9.25,9.25,9.25,9.25,0,8.6528399215,8.6528399215,8.6528399215,8.6528399215,0,0.0,1.0
TATLY,2022-03-24 00:00:00+00:00,9.25,9.25,9.25,9.25,0,8.6528399215,8.6528399215,8.6528399215,8.6528399215,0,0.0,1.0
TATLY,2022-03-25 00:00:00+00:00,9.25,9.25,9.25,9.25,0,8.6528399215,8.6528399215,8.6528399215,8.6528399215,0,0.0,1.0
TATLY,2022-03-28 00:00:00+00:00,9.25,9.25,9.25,9.25,0,8.6528399215,8.6528399215,8.6528399215,8.6528399215,0,0.0,1.0
TATLY,2022-03-29 00:00:00+00:00,9.25,9.25,9.25,9.25,0,8.6528399215,8.6528399215,8.6528399215,8.6528399215,0,0.0,1.0
TATLY,2022-03-30 00:00:00+00:00,9.25,9.25,9.25,9.25,0,8.6528399215,8.6528399215,8.6528399215,8.6528399215,0,0.0,1.0
TATLY,2022-03-31 00:00:00+00:00,9.25,9.25,9.25,9.25,0,8.6528399215,8.6528399215,8.6528399215,8.6528399215,0,0.0,1.0
TATLY,2022-04-01 00:00:00+00:00,9.25,9.25,9.25,9.25,0,8.6528399215,8.6528399215,8.6528399215,8.6528399215,0,0.0,1.0
TATLY,2022-04-04 00:00:00+00:00,9.25,9.25,9.25,9.25,0,8.6528399215,8.6528399215,8.6528399215,8.6528399215,0,0.0,1.0
TATLY,2022-04-05 00:00:00+00:00,9.25,9.25,9.25,9.25,0,8.6528399215,8.6528399215,8.6528399215,8.6528399215,0,0.0,1.0
TATLY,2022-04-06 00:00:00+00:00,9.25,9.25,9.25,9.25,0,8.6528399215,8.6528399215,8.6528399215,8.6528399215,0,0.0,1.0
TATLY,2022-04-07 00:00:00+00:00,9.25,9.25,9.25,9.25,0,8.6528399215,8.6528399215,8.6528399215,8.6528399215,0,0.0,1.0
TATLY,2022-04-08 00:00:00+00:00,9.25,9.25,9.25,9.25,0,8.6528399215,8.6528399215,8.6528399215,8.6528399215,0,0.0,1.0
TATLY,2022-04-11 00:00:00+00:00,9.25,9.25,9.25,9.25,0,8.6528399215,8.6528399215,8.6528399215,8.6528399215,0,0.0,1.0
TATLY,2022-04-12 00:00:00+00:00,9.25,9.25,9.25,9.25,0,8.6528399215,8.6528399215,8.6528399215,8.6528399215,0,0.0,1.0
TATLY,2022-04-13 00:00:00+00:00,9.25,9.25,9.25,9.25,0,8.6528399215,8.6528399215,8.6528399215,8.6528399215,0,0.0,1.0
TATLY,2022-04-14 00:00:00+00:00,9.25,9.25,9.25,9.25,0,8.6528399215,8.6528399215,8.6528399215,8.6528399215,0,0.0,1.0
TATLY,2022-04-18 00:00:00+00:00,9.25,9.25,9.25,9.25,0,8.6528399215,8.6528399215,8.6528399215,8.6528399215,0,0.0,1.0
TATLY,2022-04-19 00:00:00+00:00,9.25,9.25,9.25,9.25,0,8.6528399215,8.6528399215,8.6528399215,8.6528399215,0,0.0,1.0
TATLY,2022-04-20 00:00:00+00:00,9.25,9.25,9.25,9.25,0,8.6528399215,8.6528399215,8.6528399215,8.6528399215,0,0.0,1.0
TATLY,2022-04-21 00:00:00+00:00,9.25,9.25,9.25,9.25,0,8.6528399215,8.6528399215,8.6528399215,8.6528399215,0,0.0,1.0
TATLY,2022-04-22 00:00:00+00:00,9.25,9.25,9.25,9.25,0,8.6528399215,8.6528399215,8.6528399215,8.6528399215,0,0.0,1.0
TATLY,2022-04-25 00:00:00+00:00,9.25,9.25,9.25,9.25,0,8.6528399215,8.6528399215,8.6528399215,8.6528399215,0,0.0,1.0
TATLY,2022-04-26 00:00:00+00:00,9.25,9.25,9.25,9.25,0,8.6528399215,8.6528399215,8.6528399215,8.6528399215,0,0.0,1.0
TATLY,2022-04-27 00:00:00+00:00,9.25,9.25,9.25,9.25,0,8.6528399215,8.6528399215,8.6528399215,8.6528399215,0,0.0,1.0
TATLY,2022-04-28 00:00:00+00:00,9.25,9.25,9.25,9.25,0,8.6528399215,8.6528399215,8.6528399215,8.6528399215,0,0.0,1.0
TATLY,2022-04-29 00:00:00+00:00,9.25,9.25,9.25,9.25,0,8.6528399215,8.6528399215,8.6528399215,8.6528399215,0,0.0,1.0
TATLY,2022-05-02 00:00:00+00:00,9.25,9.25,9.25,9.25,0,8.6528399215,8.6528399215,8.6528399215,8.6528399215,0,0.0,1.0
TATLY,2022-05-03 00:00:00+00:00,9.25,9.25,9.25,9.25,0,8.6528399215,8.6528399215,8.6528399215,8.6528399215,0,0.0,1.0
TATLY,2022-05-04 00:00:00+00:00,9.25,9.25,9.25,9.25,0,8.6528399215,8.6528399215,8.6528399215,8.6528399215,0,0.0,1.0
TATLY,2022-05-05 00:00:00+00:00,9.25,9.25,9.25,9.25,0,8.6528399215,8.6528399215,8.6528399215,8.6528399215,0,0.0,1.0
TATLY,2022-05-06 00:00:00+00:00,9.25,9.25,9.25,9.25,0,8.6528399215,8.6528399215,8.6528399215,8.6528399215,0,0.0,1.0
TATLY,2022-05-09 00:00:00+00:00,9.25,9.25,9.25,9.25,0,8.6528399215,8.6528399215,8.6528399215,8.6528399215,0,0.0,1.0
TATLY,2022-05-10 00:00:00+00:00,9.25,9.25,9.25,9.25,0,8.6528399215,8.6528399215,8.6528399215,8.6528399215,0,0.0,1.0
TATLY,2022-05-11 00:00:00+00:00,9.25,9.25,9.25,9.25,0,8.6528399215,8.6528399215,8.6528399215,8.6528399215,0,0.0,1.0
TATLY,2022-05-12 00:00:00+00:00,9.25,9.25,9.25,9.25,0,8.6528399215,8.6528399215,8.6528399215,8.6528399215,0,0.0,1.0
TATLY,2022-05-13 00:00:00+00:00,9.25,9.25,9.25,9.25,0,9.25,9.25,9.25,9.25,0,0.638372,1.0
TATLY,2022-05-16 00:00:00+00:00,9.25,9.25,9.25,9.25,0,9.25,9.25,9.25,9.25,0,0.0,1.0
TATLY,2022-05-17 00:00:00+00:00,9.25,9.25,9.25,9.25,0,9.25,9.25,9.25,9.25,0,0.0,1.0
TATLY,2022-05-18 00:00:00+00:00,9.25,9.25,9.25,9.25,0,9.25,9.25,9.25,9.25,0,0.0,1.0
TATLY,2022-05-19 00:00:00+00:00,9.25,9.25,9.25,9.25,0,9.25,9.25,9.25,9.25,0,0.0,1.0
TATLY,2022-05-20 00:00:00+00:00,9.25,9.25,9.25,9.25,0,9.25,9.25,9.25,9.25,0,0.0,1.0
TATLY,2022-05-23 00:00:00+00:00,9.25,9.25,9.25,9.25,0,9.25,9.25,9.25,9.25,0,0.0,1.0
TATLY,2022-05-24 00:00:00+00:00,9.25,9.25,9.25,9.25,0,9.25,9.25,9.25,9.25,0,0.0,1.0
TATLY,2022-05-25 00:00:00+00:00,9.25,9.25,9.25,9.25,0,9.25,9.25,9.25,9.25,0,0.0,1.0
TATLY,2022-05-26 00:00:00+00:00,9.25,9.25,9.25,9.25,0,9.25,9.25,9.25,9.25,0,0.0,1.0
TATLY,2022-05-27 00:00:00+00:00,9.25,9.25,9.25,9.25,0,9.25,9.25,9.25,9.25,0,0.0,1.0
TATLY,2022-05-31 00:00:00+00:00,9.25,9.25,9.25,9.25,0,9.25,9.25,9.25,9.25,0,0.0,1.0
TATLY,2022-06-01 00:00:00+00:00,9.25,9.25,9.25,9.25,0,9.25,9.25,9.25,9.25,0,0.0,1.0
TATLY,2022-06-02 00:00:00+00:00,9.25,9.25,9.25,9.25,0,9.25,9.25,9.25,9.25,0,0.0,1.0
TATLY,2022-06-03 00:00:00+00:00,9.25,9.25,9.25,9.25,0,9.25,9.25,9.25,9.25,0,0.0,1.0
TATLY,2022-06-06 00:00:00+00:00,9.25,9.25,9.25,9.25,0,9.25,9.25,9.25,9.25,0,0.0,1.0
TATLY,2022-06-07 00:00:00+00:00,9.25,9.25,9.25,9.25,0,9.25,9.25,9.25,9.25,0,0.0,1.0
TATLY,2022-06-08 00:00:00+00:00,9.25,9.25,9.25,9.25,0,9.25,9.25,9.25,9.25,0,0.0,1.0
TATLY,2022-06-09 00:00:00+00:00,9.25,9.25,9.25,9.25,0,9.25,9.25,9.25,9.25,0,0.0,1.0
TATLY,2022-06-10 00:00:00+00:00,9.25,9.25,9.25,9.25,0,9.25,9.25,9.25,9.25,0,0.0,1.0
TATLY,2022-06-13 00:00:00+00:00,9.25,9.25,9.25,9.25,0,9.25,9.25,9.25,9.25,0,0.0,1.0
TATLY,2022-06-14 00:00:00+00:00,9.25,9.25,9.25,9.25,0,9.25,9.25,9.25,9.25,0,0.0,1.0
TATLY,2022-06-15 00:00:00+00:00,9.25,9.25,9.25,9.25,0,9.25,9.25,9.25,9.25,0,0.0,1.0
TATLY,2022-06-16 00:00:00+00:00,9.25,9.25,9.25,9.25,0,9.25,9.25,9.25,9.25,0,0.0,1.0
TATLY,2022-06-17 00:00:00+00:00,9.25,9.25,9.25,9.25,0,9.25,9.25,9.25,9.25,0,0.0,1.0
TATLY,2022-06-21 00:00:00+00:00,9.25,9.25,9.25,9.25,0,9.25,9.25,9.25,9.25,0,0.0,1.0
TATLY,2022-06-22 00:00:00+00:00,9.25,9.25,9.25,9.25,0,9.25,9.25,9.25,9.25,0,0.0,1.0
TATLY,2022-06-23 00:00:00+00:00,9.25,9.25,9.25,9.25,0,9.25,9.25,9.25,9.25,0,0.0,1.0
TATLY,2022-06-24 00:00:00+00:00,9.25,9.25,9.25,9.25,0,9.25,9.25,9.25,9.25,0,0.0,1.0
TATLY,2022-06-27 00:00:00+00:00,9.25,9.25,9.25,9.25,0,9.25,9.25,9.25,9.25,0,0.0,1.0
TATLY,2022-06-28 00:00:00+00:00,9.25,9.25,9.25,9.25,0,9.25,9.25,9.25,9.25,0,0.0,1.0
TATLY,2022-06-29 00:00:00+00:00,9.25,9.25,9.25,9.25,0,9.25,9.25,9.25,9.25,0,0.0,1.0
TATLY,2022-06-30 00:00:00+00:00,9.25,9.25,9.25,9.25,0,9.25,9.25,9.25,9.25,0,0.0,1.0
TATLY,2022-07-01 00:00:00+00:00,9.25,9.25,9.25,9.25,0,9.25,9.25,9.25,9.25,0,0.0,1.0
TATLY,2022-07-05 00:00:00+00:00,9.25,9.25,9.25,9.25,0,9.25,9.25,9.25,9.25,0,0.0,1.0
TATLY,2022-07-06 00:00:00+00:00,9.25,9.25,9.25,9.25,0,9.25,9.25,9.25,9.25,0,0.0,1.0
TATLY,2022-07-07 00:00:00+00:00,9.25,9.25,9.25,9.25,0,9.25,9.25,9.25,9.25,0,0.0,1.0
TATLY,2022-07-08 00:00:00+00:00,9.25,9.25,9.25,9.25,0,9.25,9.25,9.25,9.25,0,0.0,1.0
TATLY,2022-07-11 00:00:00+00:00,9.25,9.25,9.25,9.25,0,9.25,9.25,9.25,9.25,0,0.0,1.0
TATLY,2022-07-12 00:00:00+00:00,9.25,9.25,9.25,9.25,0,9.25,9.25,9.25,9.25,0,0.0,1.0
TATLY,2022-07-13 00:00:00+00:00,9.25,9.25,9.25,9.25,0,9.25,9.25,9.25,9.25,0,0.0,1.0
TATLY,2022-07-14 00:00:00+00:00,9.25,9.25,9.25,9.25,0,9.25,9.25,9.25,9.25,0,0.0,1.0
TATLY,2022-07-15 00:00:00+00:00,9.25,9.25,9.25,9.25,0,9.25,9.25,9.25,9.25,0,0.0,1.0
TATLY,2022-07-18 00:00:00+00:00,9.25,9.25,9.25,9.25,0,9.25,9.25,9.25,9.25,0,0.0,1.0
TATLY,2022-07-19 00:00:00+00:00,9.25,9.25,9.25,9.25,0,9.25,9.25,9.25,9.25,0,0.0,1.0
TATLY,2022-07-20 00:00:00+00:00,9.25,9.25,9.25,9.25,0,9.25,9.25,9.25,9.25,0,0.0,1.0
TATLY,2022-07-21 00:00:00+00:00,9.25,9.25,9.25,9.25,0,9.25,9.25,9.25,9.25,0,0.0,1.0
TATLY,2022-07-22 00:00:00+00:00,9.25,9.25,9.25,9.25,0,9.25,9.25,9.25,9.25,0,0.0,1.0
TATLY,2022-07-25 00:00:00+00:00,9.25,9.25,9.25,9.25,0,9.25,9.25,9.25,9.25,0,0.0,1.0
TATLY,2022-07-26 00:00:00+00:00,9.25,9.25,9.25,9.25,0,9.25,9.25,9.25,9.25,0,0.0,1.0
TATLY,2022-07-27 00:00:00+00:00,9.25,9.25,9.25,9.25,0,9.25,9.25,9.25,9.25,0,0.0,1.0
TATLY,2022-07-28 00:00:00+00:00,9.25,9.25,9.25,9.25,0,9.25,9.25,9.25,9.25,0,0.0,1.0
TATLY,2022-07-29 00:00:00+00:00,9.25,9.25,9.25,9.25,0,9.25,9.25,9.25,9.25,0,0.0,1.0
TATLY,2022-08-01 00:00:00+00:00,9.25,9.25,9.25,9.25,0,9.25,9.25,9.25,9.25,0,0.0,1.0
TATLY,2022-08-02 00:00:00+00:00,9.25,9.25,9.25,9.25,0,9.25,9.25,9.25,9.25,0,0.0,1.0
TATLY,2022-08-03 00:00:00+00:00,9.25,9.25,9.25,9.25,0,9.25,9.25,9.25,9.25,0,0.0,1.0
TATLY,2022-08-04 00:00:00+00:00,9.25,9.25,9.25,9.25,0,9.25,9.25,9.25,9.25,0,0.0,1.0
TATLY,2022-08-05 00:00:00+00:00,9.25,9.25,9.25,9.25,0,9.25,9.25,9.25,9.25,0,0.0,1.0
TATLY,2022-08-08 00:00:00+00:00,9.25,9.25,9.25,9.25,0,9.25,9.25,9.25,9.25,0,0.0,1.0
TATLY,2022-08-09 00:00:00+00:00,9.25,9.25,9.25,9.25,0,9.25,9.25,9.25,9.25,0,0.0,1.0
TATLY,2022-08-10 00:00:00+00:00,9.25,9.25,9.25,9.25,0,9.25,9.25,9.25,9.25,0,0.0,1.0
TATLY,2022-08-11 00:00:00+00:00,9.25,9.25,9.25,9.25,0,9.25,9.25,9.25,9.25,0,0.0,1.0
TATLY,2022-08-12 00:00:00+00:00,9.25,9.25,9.25,9.25,0,9.25,9.25,9.25,9.25,0,0.0,1.0
TATLY,2022-08-15 00:00:00+00:00,9.25,9.25,9.25,9.25,0,9.25,9.25,9.25,9.25,0,0.0,1.0
TATLY,2022-08-16 00:00:00+00:00,9.25,9.25,9.25,9.25,0,9.25,9.25,9.25,9.25,0,0.0,1.0
TATLY,2022-08-17 00:00:00+00:00,9.25,9.25,9.25,9.25,0,9.25,9.25,9.25,9.25,0,0.0,1.0
TATLY,2022-08-18 00:00:00+00:00,9.25,9.25,9.25,9.25,0,9.25,9.25,9.25,9.25,0,0.0,1.0
TATLY,2022-08-19 00:00:00+00:00,9.25,9.25,9.25,9.25,0,9.25,9.25,9.25,9.25,0,0.0,1.0
TATLY,2022-08-22 00:00:00+00:00,9.25,9.25,9.25,9.25,0,9.25,9.25,9.25,9.25,0,0.0,1.0
TATLY,2022-08-23 00:00:00+00:00,9.25,9.25,9.25,9.25,0,9.25,9.25,9.25,9.25,0,0.0,1.0
TATLY,2022-08-24 00:00:00+00:00,9.25,9.25,9.25,9.25,0,9.25,9.25,9.25,9.25,0,0.0,1.0
TATLY,2022-08-25 00:00:00+00:00,9.25,9.25,9.25,9.25,0,9.25,9.25,9.25,9.25,0,0.0,1.0
TATLY,2022-08-26 00:00:00+00:00,9.25,9.25,9.25,9.25,0,9.25,9.25,9.25,9.25,0,0.0,1.0
TATLY,2022-08-29 00:00:00+00:00,9.25,9.25,9.25,9.25,0,9.25,9.25,9.25,9.25,0,0.0,1.0
TATLY,2022-08-30 00:00:00+00:00,9.25,9.25,9.25,9.25,0,9.25,9.25,9.25,9.25,0,0.0,1.0
TATLY,2022-08-31 00:00:00+00:00,9.25,9.25,9.25,9.25,0,9.25,9.25,9.25,9.25,0,0.0,1.0
TATLY,2022-09-01 00:00:00+00:00,9.25,9.25,9.25,9.25,0,9.25,9.25,9.25,9.25,0,0.0,1.0
TATLY,2022-09-02 00:00:00+00:00,9.25,9.25,9.25,9.25,0,9.25,9.25,9.25,9.25,0,0.0,1.0
TATLY,2022-09-06 00:00:00+00:00,9.25,9.25,9.25,9.25,0,9.25,9.25,9.25,9.25,0,0.0,1.0
TATLY,2022-09-07 00:00:00+00:00,9.25,9.25,9.25,9.25,0,9.25,9.25,9.25,9.25,0,0.0,1.0
TATLY,2022-09-08 00:00:00+00:00,9.25,9.25,9.25,9.25,0,9.25,9.25,9.25,9.25,0,0.0,1.0
TATLY,2022-09-09 00:00:00+00:00,9.25,9.25,9.25,9.25,0,9.25,9.25,9.25,9.25,0,0.0,1.0
TATLY,2022-09-12 00:00:00+00:00,9.25,9.25,9.25,9.25,0,9.25,9.25,9.25,9.25,0,0.0,1.0
TATLY,2022-09-13 00:00:00+00:00,9.25,9.25,9.25,9.25,0,9.25,9.25,9.25,9.25,0,0.0,1.0
TATLY,2022-09-14 00:00:00+00:00,9.25,9.25,9.25,9.25,0,9.25,9.25,9.25,9.25,0,0.0,1.0
TATLY,2022-09-15 00:00:00+00:00,9.25,9.25,9.25,9.25,0,9.25,9.25,9.25,9.25,0,0.0,1.0
TATLY,2022-09-16 00:00:00+00:00,9.25,9.25,9.25,9.25,0,9.25,9.25,9.25,9.25,0,0.0,1.0
TATLY,2022-09-19 00:00:00+00:00,9.25,9.25,9.25,9.25,0,9.25,9.25,9.25,9.25,0,0.0,1.0
TATLY,2022-09-20 00:00:00+00:00,9.25,9.25,9.25,9.25,0,9.25,9.25,9.25,9.25,0,0.0,1.0
TATLY,2022-09-21 00:00:00+00:00,9.25,9.25,9.25,9.25,0,9.25,9.25,9.25,9.25,0,0.0,1.0
TATLY,2022-09-22 00:00:00+00:00,9.25,9.25,9.25,9.25,0,9.25,9.25,9.25,9.25,0,0.0,1.0
TATLY,2022-09-23 00:00:00+00:00,9.25,9.25,9.25,9.25,0,9.25,9.25,9.25,9.25,0,0.0,1.0
TATLY,2022-09-26 00:00:00+00:00,9.25,9.25,9.25,9.25,0,9.25,9.25,9.25,9.25,0,0.0,1.0
TATLY,2022-09-27 00:00:00+00:00,9.25,9.25,9.25,9.25,0,9.25,9.25,9.25,9.25,0,0.0,1.0
TATLY,2022-09-28 00:00:00+00:00,9.25,9.25,9.25,9.25,0,9.25,9.25,9.25,9.25,0,0.0,1.0
TATLY,2022-09-29 00:00:00+00:00,9.25,9.25,9.25,9.25,0,9.25,9.25,9.25,9.25,0,0.0,1.0
TATLY,2022-09-30 00:00:00+00:00,9.25,9.25,9.25,9.25,0,9.25,9.25,9.25,9.25,0,0.0,1.0
TATLY,2022-10-03 00:00:00+00:00,9.25,9.25,9.25,9.25,0,9.25,9.25,9.25,9.25,0,0.0,1.0
TATLY,2022-10-04 00:00:00+00:00,9.25,9.25,9.25,9.25,0,9.25,9.25,9.25,9.25,0,0.0,1.0
TATLY,2022-10-05 00:00:00+00:00,9.25,9.25,9.25,9.25,0,9.25,9.25,9.25,9.25,0,0.0,1.0
TATLY,2022-10-06 00:00:00+00:00,9.25,9.25,9.25,9.25,0,9.25,9.25,9.25,9.25,0,0.0,1.0
TATLY,2022-10-07 00:00:00+00:00,9.25,9.25,9.25,9.25,0,9.25,9.25,9.25,9.25,0,0.0,1.0
TATLY,2022-10-10 00:00:00+00:00,9.25,9.25,9.25,9.25,0,9.25,9.25,9.25,9.25,0,0.0,1.0
TATLY,2022-10-11 00:00:00+00:00,9.25,9.25,9.25,9.25,0,9.25,9.25,9.25,9.25,0,0.0,1.0
TATLY,2022-10-12 00:00:00+00:00,9.25,9.25,9.25,9.25,0,9.25,9.25,9.25,9.25,0,0.0,1.0
TATLY,2022-10-13 00:00:00+00:00,9.25,9.25,9.25,9.25,0,9.25,9.25,9.25,9.25,0,0.0,1.0
TATLY,2022-10-14 00:00:00+00:00,9.25,9.25,9.25,9.25,0,9.25,9.25,9.25,9.25,0,0.0,1.0
TATLY,2022-10-17 00:00:00+00:00,9.25,9.25,9.25,9.25,0,9.25,9.25,9.25,9.25,0,0.0,1.0
TATLY,2022-10-18 00:00:00+00:00,9.25,9.25,9.25,9.25,0,9.25,9.25,9.25,9.25,0,0.0,1.0
TATLY,2022-10-19 00:00:00+00:00,9.25,9.25,9.25,9.25,0,9.25,9.25,9.25,9.25,0,0.0,1.0
TATLY,2022-10-20 00:00:00+00:00,9.25,9.25,9.25,9.25,0,9.25,9.25,9.25,9.25,0,0.0,1.0
TATLY,2022-10-21 00:00:00+00:00,9.25,9.25,9.25,9.25,0,9.25,9.25,9.25,9.25,0,0.0,1.0
TATLY,2022-10-24 00:00:00+00:00,9.25,9.25,9.25,9.25,0,9.25,9.25,9.25,9.25,0,0.0,1.0
TATLY,2022-10-25 00:00:00+00:00,9.25,9.25,9.25,9.25,0,9.25,9.25,9.25,9.25,0,0.0,1.0
TATLY,2022-10-26 00:00:00+00:00,9.25,9.25,9.25,9.25,0,9.25,9.25,9.25,9.25,0,0.0,1.0
TATLY,2022-10-27 00:00:00+00:00,9.25,9.25,9.25,9.25,0,9.25,9.25,9.25,9.25,0,0.0,1.0
TATLY,2022-10-28 00:00:00+00:00,9.25,9.25,9.25,9.25,0,9.25,9.25,9.25,9.25,0,0.0,1.0
TATLY,2022-10-31 00:00:00+00:00,9.25,9.25,9.25,9.25,0,9.25,9.25,9.25,9.25,0,0.0,1.0
TATLY,2022-11-01 00:00:00+00:00,9.25,9.25,9.25,9.25,0,9.25,9.25,9.25,9.25,0,0.0,1.0
TATLY,2022-11-02 00:00:00+00:00,9.25,9.25,9.25,9.25,0,9.25,9.25,9.25,9.25,0,0.0,1.0
TATLY,2022-11-03 00:00:00+00:00,9.25,9.25,9.25,9.25,0,9.25,9.25,9.25,9.25,0,0.0,1.0
TATLY,2022-11-04 00:00:00+00:00,9.25,9.25,9.25,9.25,0,9.25,9.25,9.25,9.25,0,0.0,1.0
TATLY,2022-11-07 00:00:00+00:00,9.25,9.25,9.25,9.25,0,9.25,9.25,9.25,9.25,0,0.0,1.0
TATLY,2022-11-08 00:00:00+00:00,9.25,9.25,9.25,9.25,0,9.25,9.25,9.25,9.25,0,0.0,1.0
TATLY,2022-11-09 00:00:00+00:00,9.25,9.25,9.25,9.25,0,9.25,9.25,9.25,9.25,0,0.0,1.0
TATLY,2022-11-10 00:00:00+00:00,9.25,9.25,9.25,9.25,0,9.25,9.25,9.25,9.25,0,0.0,1.0
TATLY,2022-11-11 00:00:00+00:00,9.25,9.25,9.25,9.25,0,9.25,9.25,9.25,9.25,0,0.0,1.0
TATLY,2022-11-14 00:00:00+00:00,9.25,9.25,9.25,9.25,0,9.25,9.25,9.25,9.25,0,0.0,1.0
TATLY,2022-11-15 00:00:00+00:00,9.25,9.25,9.25,9.25,0,9.25,9.25,9.25,9.25,0,0.0,1.0
TATLY,2022-11-16 00:00:00+00:00,9.25,9.25,9.25,9.25,0,9.25,9.25,9.25,9.25,0,0.0,1.0
TATLY,2022-11-17 00:00:00+00:00,9.25,9.25,9.25,9.25,0,9.25,9.25,9.25,9.25,0,0.0,1.0
TATLY,2022-11-18 00:00:00+00:00,9.25,9.25,9.25,9.25,0,9.25,9.25,9.25,9.25,0,0.0,1.0
TATLY,2022-11-21 00:00:00+00:00,9.25,9.25,9.25,9.25,0,9.25,9.25,9.25,9.25,0,0.0,1.0
TATLY,2022-11-22 00:00:00+00:00,9.25,9.25,9.25,9.25,0,9.25,9.25,9.25,9.25,0,0.0,1.0
TATLY,2022-11-23 00:00:00+00:00,9.25,9.25,9.25,9.25,0,9.25,9.25,9.25,9.25,0,0.0,1.0
TATLY,2022-11-25 00:00:00+00:00,9.25,9.25,9.25,9.25,0,9.25,9.25,9.25,9.25,0,0.0,1.0
TATLY,2022-11-28 00:00:00+00:00,9.25,9.25,9.25,9.25,0,9.25,9.25,9.25,9.25,0,0.0,1.0
TATLY,2022-11-29 00:00:00+00:00,9.25,9.25,9.25,9.25,0,9.25,9.25,9.25,9.25,0,0.0,1.0
TATLY,2022-11-30 00:00:00+00:00,9.25,9.25,9.25,9.25,0,9.25,9.25,9.25,9.25,0,0.0,1.0
TATLY,2022-12-01 00:00:00+00:00,9.25,9.25,9.25,9.25,0,9.25,9.25,9.25,9.25,0,0.0,1.0
TATLY,2022-12-02 00:00:00+00:00,9.25,9.25,9.25,9.25,0,9.25,9.25,9.25,9.25,0,0.0,1.0
TATLY,2022-12-05 00:00:00+00:00,9.25,9.25,9.25,9.25,0,9.25,9.25,9.25,9.25,0,0.0,1.0
TATLY,2022-12-06 00:00:00+00:00,9.25,9.25,9.25,9.25,0,9.25,9.25,9.25,9.25,0,0.0,1.0
TATLY,2022-12-07 00:00:00+00:00,9.25,9.25,9.25,9.25,0,9.25,9.25,9.25,9.25,0,0.0,1.0
TATLY,2022-12-08 00:00:00+00:00,9.25,9.25,9.25,9.25,0,9.25,9.25,9.25,9.25,0,0.0,1.0
TATLY,2022-12-09 00:00:00+00:00,9.25,9.25,9.25,9.25,0,9.25,9.25,9.25,9.25,0,0.0,1.0
TATLY,2022-12-12 00:00:00+00:00,9.25,9.25,9.25,9.25,0,9.25,9.25,9.25,9.25,0,0.0,1.0
TATLY,2022-12-13 00:00:00+00:00,9.25,9.25,9.25,9.25,0,9.25,9.25,9.25,9.25,0,0.0,1.0
TATLY,2022-12-14 00:00:00+00:00,9.25,9.25,9.25,9.25,0,9.25,9.25,9.25,9.25,0,0.0,1.0
TATLY,2022-12-15 00:00:00+00:00,9.25,9.25,9.25,9.25,0,9.25,9.25,9.25,9.25,0,0.0,1.0
TATLY,2022-12-16 00:00:00+00:00,9.25,9.25,9.25,9.25,0,9.25,9.25,9.25,9.25,0,0.0,1.0
TATLY,2022-12-19 00:00:00+00:00,9.25,9.25,9.25,9.25,0,9.25,9.25,9.25,9.25,0,0.0,1.0
TATLY,2022-12-20 00:00:00+00:00,9.25,9.25,9.25,9.25,0,9.25,9.25,9.25,9.25,0,0.0,1.0
TATLY,2022-12-21 00:00:00+00:00,9.25,9.25,9.25,9.25,0,9.25,9.25,9.25,9.25,0,0.0,1.0
TATLY,2022-12-22 00:00:00+00:00,9.25,9.25,9.25,9.25,0,9.25,9.25,9.25,9.25,0,0.0,1.0
TATLY,2022-12-23 00:00:00+00:00,9.25,9.25,9.25,9.25,0,9.25,9.25,9.25,9.25,0,0.0,1.0
TATLY,2022-12-27 00:00:00+00:00,9.25,9.25,9.25,9.25,0,9.25,9.25,9.25,9.25,0,0.0,1.0
TATLY,2022-12-28 00:00:00+00:00,9.25,9.25,9.25,9.25,0,9.25,9.25,9.25,9.25,0,0.0,1.0
TATLY,2022-12-29 00:00:00+00:00,9.25,9.25,9.25,9.25,0,9.25,9.25,9.25,9.25,0,0.0,1.0
TATLY,2022-12-30 00:00:00+00:00,9.25,9.25,9.25,9.25,0,9.25,9.25,9.25,9.25,0,0.0,1.0
TATLY,2023-01-03 00:00:00+00:00,9.25,9.25,9.25,9.25,0,9.25,9.25,9.25,9.25,0,0.0,1.0
TATLY,2023-01-04 00:00:00+00:00,9.25,9.25,9.25,9.25,0,9.25,9.25,9.25,9.25,0,0.0,1.0
TATLY,2023-01-05 00:00:00+00:00,9.25,9.25,9.25,9.25,0,9.25,9.25,9.25,9.25,0,0.0,1.0
TATLY,2023-01-06 00:00:00+00:00,9.25,9.25,9.25,9.25,0,9.25,9.25,9.25,9.25,0,0.0,1.0
TATLY,2023-01-09 00:00:00+00:00,9.25,9.25,9.25,9.25,0,9.25,9.25,9.25,9.25,0,0.0,1.0
TATLY,2023-01-10 00:00:00+00:00,9.25,9.25,9.25,9.25,0,9.25,9.25,9.25,9.25,0,0.0,1.0
TATLY,2023-01-11 00:00:00+00:00,9.25,9.25,9.25,9.25,0,9.25,9.25,9.25,9.25,0,0.0,1.0
TATLY,2023-01-12 00:00:00+00:00,9.25,9.25,9.25,9.25,0,9.25,9.25,9.25,9.25,0,0.0,1.0
TATLY,2023-01-13 00:00:00+00:00,9.25,9.25,9.25,9.25,0,9.25,9.25,9.25,9.25,0,0.0,1.0
TATLY,2023-01-17 00:00:00+00:00,9.25,9.25,9.25,9.25,0,9.25,9.25,9.25,9.25,0,0.0,1.0
TATLY,2023-01-18 00:00:00+00:00,9.25,9.25,9.25,9.25,0,9.25,9.25,9.25,9.25,0,0.0,1.0
TATLY,2023-01-19 00:00:00+00:00,9.25,9.25,9.25,9.25,0,9.25,9.25,9.25,9.25,0,0.0,1.0
TATLY,2023-01-20 00:00:00+00:00,9.25,9.25,9.25,9.25,0,9.25,9.25,9.25,9.25,0,0.0,1.0
TATLY,2023-01-23 00:00:00+00:00,9.25,9.25,9.25,9.25,0,9.25,9.25,9.25,9.25,0,0.0,1.0
TATLY,2023-01-24 00:00:00+00:00,9.25,9.25,9.25,9.25,0,9.25,9.25,9.25,9.25,0,0.0,1.0
TATLY,2023-01-25 00:00:00+00:00,9.25,9.25,9.25,9.25,0,9.25,9.25,9.25,9.25,0,0.0,1.0
TATLY,2023-01-26 00:00:00+00:00,9.25,9.25,9.25,9.25,0,9.25,9.25,9.25,9.25,0,0.0,1.0
TATLY,2023-01-27 00:00:00+00:00,9.25,9.25,9.25,9.25,0,9.25,9.25,9.25,9.25,0,0.0,1.0
TATLY,2023-01-30 00:00:00+00:00,9.25,9.25,9.25,9.25,0,9.25,9.25,9.25,9.25,0,0.0,1.0
TATLY,2023-01-31 00:00:00+00:00,9.25,9.25,9.25,9.25,0,9.25,9.25,9.25,9.25,0,0.0,1.0
TATLY,2023-02-01 00:00:00+00:00,9.25,9.25,9.25,9.25,0,9.25,9.25,9.25,9.25,0,0.0,1.0
TATLY,2023-02-02 00:00:00+00:00,9.25,9.25,9.25,9.25,0,9.25,9.25,9.25,9.25,0,0.0,1.0
TATLY,2023-02-03 00:00:00+00:00,9.25,9.25,9.25,9.25,0,9.25,9.25,9.25,9.25,0,0.0,1.0
TATLY,2023-02-06 00:00:00+00:00,9.25,9.25,9.25,9.25,0,9.25,9.25,9.25,9.25,0,0.0,1.0
TATLY,2023-02-07 00:00:00+00:00,9.25,9.25,9.25,9.25,0,9.25,9.25,9.25,9.25,0,0.0,1.0
TATLY,2023-02-08 00:00:00+00:00,9.25,9.25,9.25,9.25,0,9.25,9.25,9.25,9.25,0,0.0,1.0
TATLY,2023-02-09 00:00:00+00:00,9.25,9.25,9.25,9.25,0,9.25,9.25,9.25,9.25,0,0.0,1.0
TATLY,2023-02-10 00:00:00+00:00,9.25,9.25,9.25,9.25,0,9.25,9.25,9.25,9.25,0,0.0,1.0
TATLY,2023-02-13 00:00:00+00:00,9.25,9.25,9.25,9.25,0,9.25,9.25,9.25,9.25,0,0.0,1.0
TATLY,2023-02-14 00:00:00+00:00,9.25,9.25,9.25,9.25,0,9.25,9.25,9.25,9.25,0,0.0,1.0
TATLY,2023-02-15 00:00:00+00:00,9.25,9.25,9.25,9.25,0,9.25,9.25,9.25,9.25,0,0.0,1.0
TATLY,2023-02-16 00:00:00+00:00,9.25,9.25,9.25,9.25,0,9.25,9.25,9.25,9.25,0,0.0,1.0
TATLY,2023-02-17 00:00:00+00:00,9.25,9.25,9.25,9.25,0,9.25,9.25,9.25,9.25,0,0.0,1.0
TATLY,2023-02-21 00:00:00+00:00,9.25,9.25,9.25,9.25,0,9.25,9.25,9.25,9.25,0,0.0,1.0
TATLY,2023-02-22 00:00:00+00:00,9.25,9.25,9.25,9.25,0,9.25,9.25,9.25,9.25,0,0.0,1.0
TATLY,2023-02-23 00:00:00+00:00,9.25,9.25,9.25,9.25,0,9.25,9.25,9.25,9.25,0,0.0,1.0
TATLY,2023-02-24 00:00:00+00:00,9.25,9.25,9.25,9.25,0,9.25,9.25,9.25,9.25,0,0.0,1.0
TATLY,2023-02-27 00:00:00+00:00,9.25,9.25,9.25,9.25,0,9.25,9.25,9.25,9.25,0,0.0,1.0
TATLY,2023-02-28 00:00:00+00:00,9.25,9.25,9.25,9.25,0,9.25,9.25,9.25,9.25,0,0.0,1.0
TATLY,2023-03-01 00:00:00+00:00,9.25,9.25,9.25,9.25,0,9.25,9.25,9.25,9.25,0,0.0,1.0
TATLY,2023-03-02 00:00:00+00:00,9.25,9.25,9.25,9.25,0,9.25,9.25,9.25,9.25,0,0.0,1.0
TATLY,2023-03-03 00:00:00+00:00,9.25,9.25,9.25,9.25,0,9.25,9.25,9.25,9.25,0,0.0,1.0
TATLY,2023-03-06 00:00:00+00:00,9.25,9.25,9.25,9.25,0,9.25,9.25,9.25,9.25,0,0.0,1.0
TATLY,2023-03-07 00:00:00+00:00,9.25,9.25,9.25,9.25,0,9.25,9.25,9.25,9.25,0,0.0,1.0
TATLY,2023-03-08 00:00:00+00:00,9.25,9.25,9.25,9.25,0,9.25,9.25,9.25,9.25,0,0.0,1.0
TATLY,2023-03-09 00:00:00+00:00,9.25,9.25,9.25,9.25,0,9.25,9.25,9.25,9.25,0,0.0,1.0
TATLY,2023-03-10 00:00:00+00:00,9.25,9.25,9.25,9.25,0,9.25,9.25,9.25,9.25,0,0.0,1.0
TATLY,2023-03-13 00:00:00+00:00,9.25,9.25,9.25,9.25,0,9.25,9.25,9.25,9.25,0,0.0,1.0
TATLY,2023-03-14 00:00:00+00:00,9.25,9.25,9.25,9.25,0,9.25,9.25,9.25,9.25,0,0.0,1.0
TATLY,2023-03-15 00:00:00+00:00,9.25,9.25,9.25,9.25,0,9.25,9.25,9.25,9.25,0,0.0,1.0
TATLY,2023-03-16 00:00:00+00:00,9.25,9.25,9.25,9.25,0,9.25,9.25,9.25,9.25,0,0.0,1.0
TATLY,2023-03-17 00:00:00+00:00,9.25,9.25,9.25,9.25,0,9.25,9.25,9.25,9.25,0,0.0,1.0
TATLY,2023-03-20 00:00:00+00:00,9.25,9.25,9.25,9.25,0,9.25,9.25,9.25,9.25,0,0.0,1.0
TATLY,2023-03-21 00:00:00+00:00,9.25,9.25,9.25,9.25,0,9.25,9.25,9.25,9.25,0,0.0,1.0
TATLY,2023-03-22 00:00:00+00:00,8.2927,8.2927,8.2927,8.2927,6,8.2927,8.2927,8.2927,8.2927,6,0.0,1.0
TATLY,2023-03-23 00:00:00+00:00,9.25,9.25,9.25,9.25,0,9.25,9.25,9.25,9.25,0,0.0,1.0
TATLY,2023-03-24 00:00:00+00:00,9.25,9.25,9.25,9.25,6,9.25,9.25,9.25,9.25,6,0.0,1.0
TATLY,2023-03-27 00:00:00+00:00,9.25,9.25,9.25,9.25,0,9.25,9.25,9.25,9.25,0,0.0,1.0
TATLY,2023-03-28 00:00:00+00:00,9.25,9.25,9.25,9.25,0,9.25,9.25,9.25,9.25,0,0.0,1.0
TATLY,2023-03-29 00:00:00+00:00,9.25,9.25,9.25,9.25,0,9.25,9.25,9.25,9.25,0,0.0,1.0
TATLY,2023-03-30 00:00:00+00:00,9.25,9.25,9.25,9.25,0,9.25,9.25,9.25,9.25,0,0.0,1.0
TATLY,2023-03-31 00:00:00+00:00,9.25,9.25,9.25,9.25,0,9.25,9.25,9.25,9.25,0,0.0,1.0
TATLY,2023-04-03 00:00:00+00:00,9.25,9.25,9.25,9.25,0,9.25,9.25,9.25,9.25,0,0.0,1.0
TATLY,2023-04-04 00:00:00+00:00,9.25,9.25,9.25,9.25,0,9.25,9.25,9.25,9.25,0,0.0,1.0
TATLY,2023-04-05 00:00:00+00:00,9.25,9.25,9.25,9.25,0,9.25,9.25,9.25,9.25,0,0.0,1.0
TATLY,2023-04-06 00:00:00+00:00,9.25,9.25,9.25,9.25,0,9.25,9.25,9.25,9.25,0,0.0,1.0
TATLY,2023-04-10 00:00:00+00:00,9.25,9.25,9.25,9.25,0,9.25,9.25,9.25,9.25,0,0.0,1.0
TATLY,2023-04-11 00:00:00+00:00,9.25,9.25,9.25,9.25,0,9.25,9.25,9.25,9.25,0,0.0,1.0
TATLY,2023-04-12 00:00:00+00:00,9.25,9.25,9.25,9.25,0,9.25,9.25,9.25,9.25,0,0.0,1.0
TATLY,2023-04-13 00:00:00+00:00,9.25,9.25,9.25,9.25,0,9.25,9.25,9.25,9.25,0,0.0,1.0
TATLY,2023-04-14 00:00:00+00:00,9.25,9.25,9.25,9.25,0,9.25,9.25,9.25,9.25,0,0.0,1.0
TATLY,2023-04-17 00:00:00+00:00,9.25,9.25,9.25,9.25,0,9.25,9.25,9.25,9.25,0,0.0,1.0
TATLY,2023-04-18 00:00:00+00:00,9.25,9.25,9.25,9.25,0,9.25,9.25,9.25,9.25,0,0.0,1.0
TATLY,2023-04-19 00:00:00+00:00,9.25,9.25,9.25,9.25,0,9.25,9.25,9.25,9.25,0,0.0,1.0
TATLY,2023-04-20 00:00:00+00:00,9.25,9.25,9.25,9.25,0,9.25,9.25,9.25,9.25,0,0.0,1.0
TATLY,2023-04-21 00:00:00+00:00,9.25,9.25,9.25,9.25,0,9.25,9.25,9.25,9.25,0,0.0,1.0
TATLY,2023-04-24 00:00:00+00:00,9.25,9.25,9.25,9.25,2,9.25,9.25,9.25,9.25,2,0.0,1.0
TATLY,2023-04-25 00:00:00+00:00,9.25,9.25,9.25,9.25,1,9.25,9.25,9.25,9.25,1,0.0,1.0
TATLY,2023-04-27 00:00:00+00:00,9.25,9.25,9.25,9.25,0,9.25,9.25,9.25,9.25,0,0.0,1.0
TATLY,2023-04-28 00:00:00+00:00,9.25,9.25,9.25,9.25,0,9.25,9.25,9.25,9.25,0,0.0,1.0
TATLY,2023-05-01 00:00:00+00:00,9.25,9.25,9.25,9.25,0,9.25,9.25,9.25,9.25,0,0.0,1.0
TATLY,2023-05-02 00:00:00+00:00,9.25,9.25,9.25,9.25,0,9.25,9.25,9.25,9.25,0,0.0,1.0
TATLY,2023-05-03 00:00:00+00:00,9.25,9.25,9.25,9.25,0,9.25,9.25,9.25,9.25,0,0.0,1.0
TATLY,2023-05-04 00:00:00+00:00,9.25,9.25,9.25,9.25,0,9.25,9.25,9.25,9.25,0,0.0,1.0
TATLY,2023-05-05 00:00:00+00:00,9.25,9.25,9.25,9.25,0,9.25,9.25,9.25,9.25,0,0.0,1.0
TATLY,2023-05-08 00:00:00+00:00,9.25,9.25,9.25,9.25,0,9.25,9.25,9.25,9.25,0,0.0,1.0
